;;;;;;;;
Bacia sedimentar;Código do poço (API);Nome do poço (ANP);Profundidade (m);Identificador da caixa;Total de caixas;Data de conclusão do poço;Município/Estado;Depositária
ESPÍRITO SANTO;34271025742;1-BRSA-983-ESS (1ESS206);2212;1;1;11/11/2011;RIO DE JANEIRO/RJ;3R
ESPÍRITO SANTO;34271025742;1-BRSA-983-ESS (1ESS206);2238;1;1;11/11/2011;RIO DE JANEIRO/RJ;3R
ESPÍRITO SANTO;34271025742;1-BRSA-983-ESS (1ESS206);2253;1;1;11/11/2011;RIO DE JANEIRO/RJ;3R
ESPÍRITO SANTO;34271025742;1-BRSA-983-ESS (1ESS206);2380;1;1;11/11/2011;RIO DE JANEIRO/RJ;3R
ESPÍRITO SANTO;34271025742;1-BRSA-983-ESS (1ESS206);2409;1;1;11/11/2011;RIO DE JANEIRO/RJ;3R
ESPÍRITO SANTO;34271025742;1-BRSA-983-ESS (1ESS206);2411;1;1;11/11/2011;RIO DE JANEIRO/RJ;3R
ESPÍRITO SANTO;34271025742;1-BRSA-983-ESS (1ESS206);2418;1;1;11/11/2011;RIO DE JANEIRO/RJ;3R
ESPÍRITO SANTO;34271025742;1-BRSA-983-ESS (1ESS206);2424;1;1;11/11/2011;RIO DE JANEIRO/RJ;3R
ESPÍRITO SANTO;34271025742;1-BRSA-983-ESS (1ESS206);2426;1;1;11/11/2011;RIO DE JANEIRO/RJ;3R
ESPÍRITO SANTO;34271025742;1-BRSA-983-ESS (1ESS206);2430;1;1;11/11/2011;RIO DE JANEIRO/RJ;3R
ESPÍRITO SANTO;34271025742;1-BRSA-983-ESS (1ESS206);2442;1;1;11/11/2011;RIO DE JANEIRO/RJ;3R
ESPÍRITO SANTO;34271025742;1-BRSA-983-ESS (1ESS206);2473;1;1;11/11/2011;RIO DE JANEIRO/RJ;3R
ESPÍRITO SANTO;34271025742;1-BRSA-983-ESS (1ESS206);2478;1;1;11/11/2011;RIO DE JANEIRO/RJ;3R
ESPÍRITO SANTO;34271025742;1-BRSA-983-ESS (1ESS206);2483;1;1;11/11/2011;RIO DE JANEIRO/RJ;3R
ESPÍRITO SANTO;34271025742;1-BRSA-983-ESS (1ESS206);2500;1;1;11/11/2011;RIO DE JANEIRO/RJ;3R
ESPÍRITO SANTO;34271025742;1-BRSA-983-ESS (1ESS206);2537;1;1;11/11/2011;RIO DE JANEIRO/RJ;3R
ESPÍRITO SANTO;34271025742;1-BRSA-983-ESS (1ESS206);2559;1;1;11/11/2011;RIO DE JANEIRO/RJ;3R
ESPÍRITO SANTO;34271025742;1-BRSA-983-ESS (1ESS206);2559;1;1;11/11/2011;RIO DE JANEIRO/RJ;3R
ESPÍRITO SANTO;34271025742;1-BRSA-983-ESS (1ESS206);2580;1;1;11/11/2011;RIO DE JANEIRO/RJ;3R
ESPÍRITO SANTO;34271025742;1-BRSA-983-ESS (1ESS206);2633;1;1;11/11/2011;RIO DE JANEIRO/RJ;3R
ESPÍRITO SANTO;34271025742;1-BRSA-983-ESS (1ESS206);2644;1;1;11/11/2011;RIO DE JANEIRO/RJ;3R
ESPÍRITO SANTO;34271025742;1-BRSA-983-ESS (1ESS206);2649;1;1;11/11/2011;RIO DE JANEIRO/RJ;3R
ESPÍRITO SANTO;34271026870;6-BRSA-1160-ESS (6-PER-6-ESS);2848;2;3;13/12/2013;RIO DE JANEIRO/RJ;3R
ESPÍRITO SANTO;34271026870;6-BRSA-1160-ESS (6-PER-6-ESS);2879;3;3;13/12/2013;RIO DE JANEIRO/RJ;3R
ESPÍRITO SANTO;34271026870;6-BRSA-1160-ESS (6-PER-6-ESS);2917;5;3;13/12/2013;RIO DE JANEIRO/RJ;3R
ESPÍRITO SANTO;34271026870;6-BRSA-1160-ESS (6-PER-6-ESS);2923;6;3;13/12/2013;RIO DE JANEIRO/RJ;3R
ESPÍRITO SANTO;34271026870;6-BRSA-1160-ESS (6-PER-6-ESS);2932;7;3;13/12/2013;RIO DE JANEIRO/RJ;3R
ESPÍRITO SANTO;34271026870;6-BRSA-1160-ESS (6-PER-6-ESS);3111;10;3;13/12/2013;RIO DE JANEIRO/RJ;3R
ESPÍRITO SANTO;34271026870;6-BRSA-1160-ESS (6-PER-6-ESS);3144;11;3;13/12/2013;RIO DE JANEIRO/RJ;3R
ESPÍRITO SANTO;34271026870;6-BRSA-1160-ESS (6-PER-6-ESS);3204;12;3;13/12/2013;RIO DE JANEIRO/RJ;3R
ESPÍRITO SANTO;34271026870;6-BRSA-1160-ESS (6-PER-6-ESS);3230;13;3;13/12/2013;RIO DE JANEIRO/RJ;3R
ESPÍRITO SANTO;34271026870;6-BRSA-1160-ESS (6-PER-6-ESS);3275;14;3;13/12/2013;RIO DE JANEIRO/RJ;3R
ESPÍRITO SANTO;34271026870;6-BRSA-1160-ESS (6-PER-6-ESS);3299;15;3;13/12/2013;RIO DE JANEIRO/RJ;3R
ESPÍRITO SANTO;34271026870;6-BRSA-1160-ESS (6-PER-6-ESS);3330;16;3;13/12/2013;RIO DE JANEIRO/RJ;3R
ESPÍRITO SANTO;34271026870;6-BRSA-1160-ESS (6-PER-6-ESS);3342;17;3;13/12/2013;RIO DE JANEIRO/RJ;3R
ESPÍRITO SANTO;34271026870;6-BRSA-1160-ESS (6-PER-6-ESS);3346;18;3;13/12/2013;RIO DE JANEIRO/RJ;3R
ESPÍRITO SANTO;34271026870;6-BRSA-1160-ESS (6-PER-6-ESS);3353;19;3;13/12/2013;RIO DE JANEIRO/RJ;3R
ESPÍRITO SANTO;34271026870;6-BRSA-1160-ESS (6-PER-6-ESS);3378;20;3;13/12/2013;RIO DE JANEIRO/RJ;3R
ESPÍRITO SANTO;34271026870;6-BRSA-1160-ESS (6-PER-6-ESS);3384;21;3;13/12/2013;RIO DE JANEIRO/RJ;3R
ESPÍRITO SANTO;34271026870;6-BRSA-1160-ESS (6-PER-6-ESS);3397;22;3;13/12/2013;RIO DE JANEIRO/RJ;3R
ESPÍRITO SANTO;34271026870;6-BRSA-1160-ESS (6-PER-6-ESS);3429;23;3;13/12/2013;RIO DE JANEIRO/RJ;3R
ESPÍRITO SANTO;34271026870;6-BRSA-1160-ESS (6-PER-6-ESS);3486;25;3;13/12/2013;RIO DE JANEIRO/RJ;3R
ESPÍRITO SANTO;34271026870;6-BRSA-1160-ESS (6-PER-6-ESS);3500;26;3;13/12/2013;RIO DE JANEIRO/RJ;3R
ESPÍRITO SANTO;34271026870;6-BRSA-1160-ESS (6-PER-6-ESS);3529;27;3;13/12/2013;RIO DE JANEIRO/RJ;3R
ESPÍRITO SANTO;34271026870;6-BRSA-1160-ESS (6-PER-6-ESS);3542;28;3;13/12/2013;RIO DE JANEIRO/RJ;3R
ESPÍRITO SANTO;34271026870;6-BRSA-1160-ESS (6-PER-6-ESS);3549;29;3;13/12/2013;RIO DE JANEIRO/RJ;3R
ESPÍRITO SANTO;34271026870;6-BRSA-1160-ESS (6-PER-6-ESS);3566;30;3;13/12/2013;RIO DE JANEIRO/RJ;3R
ESPÍRITO SANTO;34271026870;6-BRSA-1160-ESS (6-PER-6-ESS);3568;31;3;13/12/2013;RIO DE JANEIRO/RJ;3R
ESPÍRITO SANTO;34271026870;6-BRSA-1160-ESS (6-PER-6-ESS);3592;33;3;13/12/2013;RIO DE JANEIRO/RJ;3R
ESPÍRITO SANTO;34271026870;6-BRSA-1160-ESS (6-PER-6-ESS);3606;34;3;13/12/2013;RIO DE JANEIRO/RJ;3R
ESPÍRITO SANTO;34271026870;6-BRSA-1160-ESS (6-PER-6-ESS);3621;35;3;13/12/2013;RIO DE JANEIRO/RJ;3R
ESPÍRITO SANTO;34271026870;6-BRSA-1160-ESS (6-PER-6-ESS);3630;36;3;13/12/2013;RIO DE JANEIRO/RJ;3R
ESPÍRITO SANTO;34271026870;6-BRSA-1160-ESS (6-PER-6-ESS);3682;40;3;13/12/2013;RIO DE JANEIRO/RJ;3R
ESPÍRITO SANTO;34271026870;6-BRSA-1160-ESS (6-PER-6-ESS);3996;1;3;13/12/2013;RIO DE JANEIRO/RJ;3R
ESPÍRITO SANTO;34271026870;6-BRSA-1160-ESS (6-PER-6-ESS);4020;2;3;13/12/2013;RIO DE JANEIRO/RJ;3R
ESPÍRITO SANTO;34271026870;6-BRSA-1160-ESS (6-PER-6-ESS);4079;6;3;13/12/2013;RIO DE JANEIRO/RJ;3R
ESPÍRITO SANTO;34271026870;6-BRSA-1160-ESS (6-PER-6-ESS);4135;11;3;13/12/2013;RIO DE JANEIRO/RJ;3R
ESPÍRITO SANTO;34271026870;6-BRSA-1160-ESS (6-PER-6-ESS);4181;1;3;13/12/2013;RIO DE JANEIRO/RJ;3R
ESPÍRITO SANTO;34271026870;6-BRSA-1160-ESS (6-PER-6-ESS);4294;3;3;13/12/2013;RIO DE JANEIRO/RJ;3R
ESPÍRITO SANTO;34271026870;6-BRSA-1160-ESS (6-PER-6-ESS);4316;14;3;13/12/2013;RIO DE JANEIRO/RJ;3R
ESPÍRITO SANTO;34271026870;6-BRSA-1160-ESS (6-PER-6-ESS);4332;12;3;13/12/2013;RIO DE JANEIRO/RJ;3R
ESPÍRITO SANTO;34271026870;6-BRSA-1160-ESS (6-PER-6-ESS);4383;6;3;13/12/2013;RIO DE JANEIRO/RJ;3R
ESPÍRITO SANTO;34271026870;6-BRSA-1160-ESS (6-PER-6-ESS);4392;4;3;13/12/2013;RIO DE JANEIRO/RJ;3R
ESPÍRITO SANTO;34271026870;6-BRSA-1160-ESS (6-PER-6-ESS);4406;1;3;13/12/2013;RIO DE JANEIRO/RJ;3R
ESPÍRITO SANTO;34271026870;6-BRSA-1160-ESS (6-PER-6-ESS);4519;10;3;13/12/2013;RIO DE JANEIRO/RJ;3R
ESPÍRITO SANTO;34271026870;6-BRSA-1160-ESS (6-PER-6-ESS);4549;5;3;13/12/2013;RIO DE JANEIRO/RJ;3R
ESPÍRITO SANTO;34271026870;6-BRSA-1160-ESS (6-PER-6-ESS);4631;8;3;13/12/2013;RIO DE JANEIRO/RJ;3R
ESPÍRITO SANTO;34271026870;6-BRSA-1160-ESS (6-PER-6-ESS);4631;11;3;13/12/2013;RIO DE JANEIRO/RJ;3R
ESPÍRITO SANTO;34271026870;6-BRSA-1160-ESS (6-PER-6-ESS);4649;10;3;13/12/2013;RIO DE JANEIRO/RJ;3R
ESPÍRITO SANTO;34271026870;6-BRSA-1160-ESS (6-PER-6-ESS);4649;7;3;13/12/2013;RIO DE JANEIRO/RJ;3R
ESPÍRITO SANTO;34271026870;6-BRSA-1160-ESS (6-PER-6-ESS);4776;3;3;13/12/2013;RIO DE JANEIRO/RJ;3R
ESPÍRITO SANTO;34271022149;6-BRSA-475-ESS (6-PER-3-ESS);1760;1;2;27/01/2008;RIO DE JANEIRO/RJ;3R
ESPÍRITO SANTO;34271022149;6-BRSA-475-ESS (6-PER-3-ESS);1935;1;2;27/01/2008;RIO DE JANEIRO/RJ;3R
ESPÍRITO SANTO;34271022149;6-BRSA-475-ESS (6-PER-3-ESS);1938;1;2;27/01/2008;RIO DE JANEIRO/RJ;3R
ESPÍRITO SANTO;34271022149;6-BRSA-475-ESS (6-PER-3-ESS);2049;1;2;27/01/2008;RIO DE JANEIRO/RJ;3R
ESPÍRITO SANTO;34271022149;6-BRSA-475-ESS (6-PER-3-ESS);2075;1;2;27/01/2008;RIO DE JANEIRO/RJ;3R
ESPÍRITO SANTO;34271022149;6-BRSA-475-ESS (6-PER-3-ESS);2168;1;2;27/01/2008;RIO DE JANEIRO/RJ;3R
ESPÍRITO SANTO;34271022149;6-BRSA-475-ESS (6-PER-3-ESS);2196;1;2;27/01/2008;RIO DE JANEIRO/RJ;3R
ESPÍRITO SANTO;34271022149;6-BRSA-475-ESS (6-PER-3-ESS);2561;1;2;27/01/2008;RIO DE JANEIRO/RJ;3R
ESPÍRITO SANTO;34271022149;6-BRSA-475-ESS (6-PER-3-ESS);2567;1;2;27/01/2008;RIO DE JANEIRO/RJ;3R
ESPÍRITO SANTO;34271022149;6-BRSA-475-ESS (6-PER-3-ESS);2580;1;2;27/01/2008;RIO DE JANEIRO/RJ;3R
ESPÍRITO SANTO;34271022149;6-BRSA-475-ESS (6-PER-3-ESS);2628;1;2;27/01/2008;RIO DE JANEIRO/RJ;3R
ESPÍRITO SANTO;34271022149;6-BRSA-475-ESS (6-PER-3-ESS);2718;1;2;27/01/2008;RIO DE JANEIRO/RJ;3R
ESPÍRITO SANTO;34271022149;6-BRSA-475-ESS (6-PER-3-ESS);2739;1;2;27/01/2008;RIO DE JANEIRO/RJ;3R
ESPÍRITO SANTO;34271022149;6-BRSA-475-ESS (6-PER-3-ESS);2768;1;2;27/01/2008;RIO DE JANEIRO/RJ;3R
ESPÍRITO SANTO;34271022149;6-BRSA-475-ESS (6-PER-3-ESS);2776;1;2;27/01/2008;RIO DE JANEIRO/RJ;3R
ESPÍRITO SANTO;34271022149;6-BRSA-475-ESS (6-PER-3-ESS);2777;1;2;27/01/2008;RIO DE JANEIRO/RJ;3R
ESPÍRITO SANTO;34271022149;6-BRSA-475-ESS (6-PER-3-ESS);2810;1;2;27/01/2008;RIO DE JANEIRO/RJ;3R
ESPÍRITO SANTO;34271022149;6-BRSA-475-ESS (6-PER-3-ESS);2812;1;2;27/01/2008;RIO DE JANEIRO/RJ;3R
ESPÍRITO SANTO;34271022149;6-BRSA-475-ESS (6-PER-3-ESS);2313;1;2;27/01/2008;RIO DE JANEIRO/RJ;3R
ESPÍRITO SANTO;34271022149;6-BRSA-475-ESS (6-PER-3-ESS);2816;1;2;27/01/2008;RIO DE JANEIRO/RJ;3R
ESPÍRITO SANTO;34271022149;6-BRSA-475-ESS (6-PER-3-ESS);2818;1;2;27/01/2008;RIO DE JANEIRO/RJ;3R
ESPÍRITO SANTO;34271022149;6-BRSA-475-ESS (6-PER-3-ESS);2820;1;2;27/01/2008;RIO DE JANEIRO/RJ;3R
ESPÍRITO SANTO;34271022149;6-BRSA-475-ESS (6-PER-3-ESS);2864;2;2;27/01/2008;RIO DE JANEIRO/RJ;3R
ESPÍRITO SANTO;34271022149;6-BRSA-475-ESS (6-PER-3-ESS);2865;2;2;27/01/2008;RIO DE JANEIRO/RJ;3R
ESPÍRITO SANTO;34271022149;6-BRSA-475-ESS (6-PER-3-ESS);2868;2;2;27/01/2008;RIO DE JANEIRO/RJ;3R
ESPÍRITO SANTO;34271022149;6-BRSA-475-ESS (6-PER-3-ESS);2887;2;2;27/01/2008;RIO DE JANEIRO/RJ;3R
ESPÍRITO SANTO;34271022149;6-BRSA-475-ESS (6-PER-3-ESS);3320;2;2;27/01/2008;RIO DE JANEIRO/RJ;3R
ESPÍRITO SANTO;34271022149;6-BRSA-475-ESS (6-PER-3-ESS);3580;2;2;27/01/2008;RIO DE JANEIRO/RJ;3R
ESPÍRITO SANTO;34271023058;4-BRSA-620-ESS (4-PER-5-ESS);2816;1;1;03-ago-08;RIO DE JANEIRO/RJ;3R
ESPÍRITO SANTO;34271023058;4-BRSA-620-ESS (4-PER-5-ESS);1833;1;1;03-ago-08;RIO DE JANEIRO/RJ;3R
ESPÍRITO SANTO;34271023058;4-BRSA-620-ESS (4-PER-5-ESS);2849;1;1;03-ago-08;RIO DE JANEIRO/RJ;3R
ESPÍRITO SANTO;34271023058;4-BRSA-620-ESS (4-PER-5-ESS);2875;1;1;03-ago-08;RIO DE JANEIRO/RJ;3R
ESPÍRITO SANTO;34271023058;4-BRSA-620-ESS (4-PER-5-ESS);3003;1;1;03-ago-08;RIO DE JANEIRO/RJ;3R
ESPÍRITO SANTO;34271023058;4-BRSA-620-ESS (4-PER-5-ESS);3013;1;1;03-ago-08;RIO DE JANEIRO/RJ;3R
ESPÍRITO SANTO;34271023058;4-BRSA-620-ESS (4-PER-5-ESS);3014;1;1;03-ago-08;RIO DE JANEIRO/RJ;3R
ESPÍRITO SANTO;34271023058;4-BRSA-620-ESS (4-PER-5-ESS);3033;1;1;03-ago-08;RIO DE JANEIRO/RJ;3R
ESPÍRITO SANTO;34271023058;4-BRSA-620-ESS (4-PER-5-ESS);3043;1;1;03-ago-08;RIO DE JANEIRO/RJ;3R
ESPÍRITO SANTO;34271023058;4-BRSA-620-ESS (4-PER-5-ESS);3108;1;1;03-ago-08;RIO DE JANEIRO/RJ;3R
ESPÍRITO SANTO;34271023058;4-BRSA-620-ESS (4-PER-5-ESS);3115;1;1;03-ago-08;RIO DE JANEIRO/RJ;3R
ESPÍRITO SANTO;34271022816;4-PER-4-ESS;2658;1;1;27-Abr-08;RIO DE JANEIRO/RJ;3R
ESPÍRITO SANTO;34271022816;4-PER-4-ESS;2734;1;1;27-Abr-08;RIO DE JANEIRO/RJ;3R
ESPÍRITO SANTO;34271022816;4-PER-4-ESS;2772;1;1;27-Abr-08;RIO DE JANEIRO/RJ;3R
ESPÍRITO SANTO;34271022816;4-PER-4-ESS;2857;1;1;27-Abr-08;RIO DE JANEIRO/RJ;3R
ESPÍRITO SANTO;34271022816;4-PER-4-ESS;2878;1;1;27-Abr-08;RIO DE JANEIRO/RJ;3R
ESPÍRITO SANTO;34271022816;4-PER-4-ESS;2910;1;1;27-Abr-08;RIO DE JANEIRO/RJ;3R
ESPÍRITO SANTO;34271022816;4-PER-4-ESS;2955;1;1;27-Abr-08;RIO DE JANEIRO/RJ;3R
ESPÍRITO SANTO;34271022816;4-PER-4-ESS;2979;1;1;27-Abr-08;RIO DE JANEIRO/RJ;3R
ESPÍRITO SANTO;34271022816;4-PER-4-ESS;3014;1;1;27-Abr-08;RIO DE JANEIRO/RJ;3R
ESPÍRITO SANTO;34271022816;4-PER-4-ESS;3035;1;1;27-Abr-08;RIO DE JANEIRO/RJ;3R
CAMPOS;74281023752;3-BRSA-715D-RJS;2906;1;6;08/06/2009;RIO DE JANEIRO/RJ;3R
CAMPOS;74281023752;3-BRSA-715D-RJS;2936;1;6;08/06/2009;RIO DE JANEIRO/RJ;3R
CAMPOS;74281023752;3-BRSA-715D-RJS;2991;1;6;08/06/2009;RIO DE JANEIRO/RJ;3R
CAMPOS;74281023752;3-BRSA-715D-RJS;3098;1;6;08/06/2009;RIO DE JANEIRO/RJ;3R
CAMPOS;74281023752;3-BRSA-715D-RJS;3117;1;6;08/06/2009;RIO DE JANEIRO/RJ;3R
CAMPOS;74281023752;3-BRSA-715D-RJS;3130;1;6;08/06/2009;RIO DE JANEIRO/RJ;3R
CAMPOS;74281023752;3-BRSA-715D-RJS;3307;1;6;08/06/2009;RIO DE JANEIRO/RJ;3R
CAMPOS;74281023752;3-BRSA-715D-RJS;3308;1;6;08/06/2009;RIO DE JANEIRO/RJ;3R
CAMPOS;74281023752;3-BRSA-715D-RJS;3311;1;6;08/06/2009;RIO DE JANEIRO/RJ;3R
CAMPOS;74281023752;3-BRSA-715D-RJS;3313;1;6;08/06/2009;RIO DE JANEIRO/RJ;3R
CAMPOS;74281023752;3-BRSA-715D-RJS;3315;1;6;08/06/2009;RIO DE JANEIRO/RJ;3R
CAMPOS;74281023752;3-BRSA-715D-RJS;3436;2;6;08/06/2009;RIO DE JANEIRO/RJ;3R
CAMPOS;74281023752;3-BRSA-715D-RJS;3450;2;6;08/06/2009;RIO DE JANEIRO/RJ;3R
CAMPOS;74281023752;3-BRSA-715D-RJS;3520;2;6;08/06/2009;RIO DE JANEIRO/RJ;3R
CAMPOS;74281023752;3-BRSA-715D-RJS;3535;2;6;08/06/2009;RIO DE JANEIRO/RJ;3R
CAMPOS;74281023752;3-BRSA-715D-RJS;3566;2;6;08/06/2009;RIO DE JANEIRO/RJ;3R
CAMPOS;74281023752;3-BRSA-715D-RJS;3572;2;6;08/06/2009;RIO DE JANEIRO/RJ;3R
CAMPOS;74281023752;3-BRSA-715D-RJS;3697;2;6;08/06/2009;RIO DE JANEIRO/RJ;3R
CAMPOS;74281023752;3-BRSA-715D-RJS;3712;3;6;08/06/2009;RIO DE JANEIRO/RJ;3R
CAMPOS;74281023752;3-BRSA-715D-RJS;3718;3;6;08/06/2009;RIO DE JANEIRO/RJ;3R
CAMPOS;74281023752;3-BRSA-715D-RJS;3727;3;6;08/06/2009;RIO DE JANEIRO/RJ;3R
CAMPOS;74281023752;3-BRSA-715D-RJS;3733;3;6;08/06/2009;RIO DE JANEIRO/RJ;3R
CAMPOS;74281023752;3-BRSA-715D-RJS;3740;3;6;08/06/2009;RIO DE JANEIRO/RJ;3R
CAMPOS;74281023752;3-BRSA-715D-RJS;3745;3;6;08/06/2009;RIO DE JANEIRO/RJ;3R
CAMPOS;74281023752;3-BRSA-715D-RJS;3748;3;6;08/06/2009;RIO DE JANEIRO/RJ;3R
CAMPOS;74281023752;3-BRSA-715D-RJS;3755;3;6;08/06/2009;RIO DE JANEIRO/RJ;3R
CAMPOS;74281023752;3-BRSA-715D-RJS;3758;3;6;08/06/2009;RIO DE JANEIRO/RJ;3R
CAMPOS;74281023752;3-BRSA-715D-RJS;3766;3;6;08/06/2009;RIO DE JANEIRO/RJ;3R
CAMPOS;74281023752;3-BRSA-715D-RJS;3775;3;6;08/06/2009;RIO DE JANEIRO/RJ;3R
CAMPOS;74281023752;3-BRSA-715D-RJS;3789;3;6;08/06/2009;RIO DE JANEIRO/RJ;3R
CAMPOS;74281023752;3-BRSA-715D-RJS;3793;3;6;08/06/2009;RIO DE JANEIRO/RJ;3R
CAMPOS;74281023752;3-BRSA-715D-RJS;3796;3;6;08/06/2009;RIO DE JANEIRO/RJ;3R
CAMPOS;74281023752;3-BRSA-715D-RJS;3808;3;6;08/06/2009;RIO DE JANEIRO/RJ;3R
CAMPOS;74281023752;3-BRSA-715D-RJS;3845;3;6;08/06/2009;RIO DE JANEIRO/RJ;3R
CAMPOS;74281023752;3-BRSA-715D-RJS;3869;4;6;08/06/2009;RIO DE JANEIRO/RJ;3R
CAMPOS;74281023752;3-BRSA-715D-RJS;3879;4;6;08/06/2009;RIO DE JANEIRO/RJ;3R
CAMPOS;74281023752;3-BRSA-715D-RJS;3886;4;6;08/06/2009;RIO DE JANEIRO/RJ;3R
CAMPOS;74281023752;3-BRSA-715D-RJS;3896;4;6;08/06/2009;RIO DE JANEIRO/RJ;3R
CAMPOS;74281023752;3-BRSA-715D-RJS;3902;4;6;08/06/2009;RIO DE JANEIRO/RJ;3R
CAMPOS;74281023752;3-BRSA-715D-RJS;3909;4;6;08/06/2009;RIO DE JANEIRO/RJ;3R
CAMPOS;74281023752;3-BRSA-715D-RJS;3918;4;6;08/06/2009;RIO DE JANEIRO/RJ;3R
CAMPOS;74281023752;3-BRSA-715D-RJS;3921;4;6;08/06/2009;RIO DE JANEIRO/RJ;3R
CAMPOS;74281023752;3-BRSA-715D-RJS;3926;4;6;08/06/2009;RIO DE JANEIRO/RJ;3R
CAMPOS;74281023752;3-BRSA-715D-RJS;3930;4;6;08/06/2009;RIO DE JANEIRO/RJ;3R
CAMPOS;74281023752;3-BRSA-715D-RJS;3936;4;6;08/06/2009;RIO DE JANEIRO/RJ;3R
CAMPOS;74281023752;3-BRSA-715D-RJS;3944;4;6;08/06/2009;RIO DE JANEIRO/RJ;3R
CAMPOS;74281023752;3-BRSA-715D-RJS;3968;4;6;08/06/2009;RIO DE JANEIRO/RJ;3R
CAMPOS;74281023752;3-BRSA-715D-RJS;3989;4;6;08/06/2009;RIO DE JANEIRO/RJ;3R
CAMPOS;74281023752;3-BRSA-715D-RJS;4027;4;6;08/06/2009;RIO DE JANEIRO/RJ;3R
CAMPOS;74281023752;3-BRSA-715D-RJS;4031;4;6;08/06/2009;RIO DE JANEIRO/RJ;3R
CAMPOS;74281023752;3-BRSA-715D-RJS;4032;4;6;08/06/2009;RIO DE JANEIRO/RJ;3R
CAMPOS;74281023752;3-BRSA-715D-RJS;4040;4;6;08/06/2009;RIO DE JANEIRO/RJ;3R
CAMPOS;74281023752;3-BRSA-715D-RJS;4041;4;6;08/06/2009;RIO DE JANEIRO/RJ;3R
CAMPOS;74281023752;3-BRSA-715D-RJS;4042;4;6;08/06/2009;RIO DE JANEIRO/RJ;3R
CAMPOS;74281023752;3-BRSA-715D-RJS;4043;5;6;08/06/2009;RIO DE JANEIRO/RJ;3R
CAMPOS;74281023752;3-BRSA-715D-RJS;4044;5;6;08/06/2009;RIO DE JANEIRO/RJ;3R
CAMPOS;74281023752;3-BRSA-715D-RJS;4045;5;6;08/06/2009;RIO DE JANEIRO/RJ;3R
CAMPOS;74281023752;3-BRSA-715D-RJS;4063;5;6;08/06/2009;RIO DE JANEIRO/RJ;3R
CAMPOS;74281023752;3-BRSA-715D-RJS;4147;5;6;08/06/2009;RIO DE JANEIRO/RJ;3R
CAMPOS;74281023752;3-BRSA-715D-RJS;4154;5;6;08/06/2009;RIO DE JANEIRO/RJ;3R
CAMPOS;74281023752;3-BRSA-715D-RJS;4158;5;6;08/06/2009;RIO DE JANEIRO/RJ;3R
CAMPOS;74281023752;3-BRSA-715D-RJS;4163;5;6;08/06/2009;RIO DE JANEIRO/RJ;3R
CAMPOS;74281023752;3-BRSA-715D-RJS;4164;5;6;08/06/2009;RIO DE JANEIRO/RJ;3R
CAMPOS;74281023752;3-BRSA-715D-RJS;4165;5;6;08/06/2009;RIO DE JANEIRO/RJ;3R
CAMPOS;74281023752;3-BRSA-715D-RJS;4166;5;6;08/06/2009;RIO DE JANEIRO/RJ;3R
CAMPOS;74281023752;3-BRSA-715D-RJS;4167;5;6;08/06/2009;RIO DE JANEIRO/RJ;3R
CAMPOS;74281023752;3-BRSA-715D-RJS;4172;5;6;08/06/2009;RIO DE JANEIRO/RJ;3R
CAMPOS;74281023752;3-BRSA-715D-RJS;4173;5;6;08/06/2009;RIO DE JANEIRO/RJ;3R
CAMPOS;74281023752;3-BRSA-715D-RJS;4174;5;6;08/06/2009;RIO DE JANEIRO/RJ;3R
CAMPOS;74281023752;3-BRSA-715D-RJS;4175;5;6;08/06/2009;RIO DE JANEIRO/RJ;3R
CAMPOS;74281023752;3-BRSA-715D-RJS;4176;5;6;08/06/2009;RIO DE JANEIRO/RJ;3R
CAMPOS;74281023752;3-BRSA-715D-RJS;4177;5;6;08/06/2009;RIO DE JANEIRO/RJ;3R
CAMPOS;74281023752;3-BRSA-715D-RJS;4181;5;6;08/06/2009;RIO DE JANEIRO/RJ;3R
CAMPOS;74281023752;3-BRSA-715D-RJS;4182;5;6;08/06/2009;RIO DE JANEIRO/RJ;3R
CAMPOS;74281023752;3-BRSA-715D-RJS;4184;5;6;08/06/2009;RIO DE JANEIRO/RJ;3R
CAMPOS;74281023752;3-BRSA-715D-RJS;4194;5;6;08/06/2009;RIO DE JANEIRO/RJ;3R
CAMPOS;74281023752;3-BRSA-715D-RJS;4195;5;6;08/06/2009;RIO DE JANEIRO/RJ;3R
CAMPOS;74281023752;3-BRSA-715D-RJS;4196;5;6;08/06/2009;RIO DE JANEIRO/RJ;3R
CAMPOS;74281023752;3-BRSA-715D-RJS;4204;5;6;08/06/2009;RIO DE JANEIRO/RJ;3R
CAMPOS;74281023752;3-BRSA-715D-RJS;4206;5;6;08/06/2009;RIO DE JANEIRO/RJ;3R
CAMPOS;74281023752;3-BRSA-715D-RJS;4212;5;6;08/06/2009;RIO DE JANEIRO/RJ;3R
CAMPOS;74281023752;3-BRSA-715D-RJS;4213;5;6;08/06/2009;RIO DE JANEIRO/RJ;3R
CAMPOS;74281023752;3-BRSA-715D-RJS;4230;6;6;08/06/2009;RIO DE JANEIRO/RJ;3R
CAMPOS;74281023752;3-BRSA-715D-RJS;4232;6;6;08/06/2009;RIO DE JANEIRO/RJ;3R
CAMPOS;74281023752;3-BRSA-715D-RJS;4238;6;6;08/06/2009;RIO DE JANEIRO/RJ;3R
CAMPOS;74281023752;3-BRSA-715D-RJS;4240;6;6;08/06/2009;RIO DE JANEIRO/RJ;3R
CAMPOS;74281023752;3-BRSA-715D-RJS;4251;6;6;08/06/2009;RIO DE JANEIRO/RJ;3R
CAMPOS;74281023752;3-BRSA-715D-RJS;4260;6;6;08/06/2009;RIO DE JANEIRO/RJ;3R
CAMPOS;74281023752;3-BRSA-715D-RJS;4263;6;6;08/06/2009;RIO DE JANEIRO/RJ;3R
CAMPOS;74281023752;3-BRSA-715D-RJS;4276;6;6;08/06/2009;RIO DE JANEIRO/RJ;3R
CAMPOS;74281023752;3-BRSA-715D-RJS;4287;6;6;08/06/2009;RIO DE JANEIRO/RJ;3R
CAMPOS;74281023752;3-BRSA-715D-RJS;4295;6;6;08/06/2009;RIO DE JANEIRO/RJ;3R
CAMPOS;74281023752;3-BRSA-715D-RJS;4298;6;6;08/06/2009;RIO DE JANEIRO/RJ;3R
CAMPOS;74281023752;3-BRSA-715D-RJS;4302;6;6;08/06/2009;RIO DE JANEIRO/RJ;3R
CAMPOS;74281023752;3-BRSA-715D-RJS;4306;6;6;08/06/2009;RIO DE JANEIRO/RJ;3R
CAMPOS;74281023752;3-BRSA-715D-RJS;4308;6;6;08/06/2009;RIO DE JANEIRO/RJ;3R
CAMPOS;74281023752;3-BRSA-715D-RJS;4315;6;6;08/06/2009;RIO DE JANEIRO/RJ;3R
CAMPOS;74281023752;3-BRSA-715D-RJS;4365;6;6;08/06/2009;RIO DE JANEIRO/RJ;3R
CAMPOS;74281021542;3-BRSA-376-RJS;2875;1;1;22/11/2005;RIO DE JANEIRO/RJ;3R
CAMPOS;74281021542;3-BRSA-376-RJS;3125;1;1;22/11/2005;RIO DE JANEIRO/RJ;3R
CAMPOS;74281021542;3-BRSA-376-RJS;3136;1;1;22/11/2005;RIO DE JANEIRO/RJ;3R
CAMPOS;74281021542;3-BRSA-376-RJS;3143;1;1;22/11/2005;RIO DE JANEIRO/RJ;3R
CAMPOS;74281021542;3-BRSA-376-RJS;3144;1;1;22/11/2005;RIO DE JANEIRO/RJ;3R
CAMPOS;74281021542;3-BRSA-376-RJS;3160;1;1;22/11/2005;RIO DE JANEIRO/RJ;3R
CAMPOS;74281021542;3-BRSA-376-RJS;3161;1;1;22/11/2005;RIO DE JANEIRO/RJ;3R
CAMPOS;74281021542;3-BRSA-376-RJS;3162;1;1;22/11/2005;RIO DE JANEIRO/RJ;3R
CAMPOS;74281021542;3-BRSA-376-RJS;3175;1;1;22/11/2005;RIO DE JANEIRO/RJ;3R
CAMPOS;74281021542;3-BRSA-376-RJS;3181;1;1;22/11/2005;RIO DE JANEIRO/RJ;3R
CAMPOS;74281021542;3-BRSA-376-RJS;3205;1;1;22/11/2005;RIO DE JANEIRO/RJ;3R
CAMPOS;74281021542;3-BRSA-376-RJS;3222;1;1;22/11/2005;RIO DE JANEIRO/RJ;3R
CAMPOS;74281021542;3-BRSA-376-RJS;3277;1;1;22/11/2005;RIO DE JANEIRO/RJ;3R
CAMPOS;74281021542;3-BRSA-376-RJS;3279;1;1;22/11/2005;RIO DE JANEIRO/RJ;3R
CAMPOS;74281021546;3-BRSA-379-RJS;2926;1;1;04/12/2005;RIO DE JANEIRO/RJ;3R
CAMPOS;74281021546;3-BRSA-379-RJS;2937;1;1;04/12/2005;RIO DE JANEIRO/RJ;3R
CAMPOS;74281021546;3-BRSA-379-RJS;2981;1;1;04/12/2005;RIO DE JANEIRO/RJ;3R
CAMPOS;74281021546;3-BRSA-379-RJS;3014;1;1;04/12/2005;RIO DE JANEIRO/RJ;3R
CAMPOS;74281021546;3-BRSA-379-RJS;3103;1;1;04/12/2005;RIO DE JANEIRO/RJ;3R
CAMPOS;74281021546;3-BRSA-379-RJS;3120;1;1;04/12/2005;RIO DE JANEIRO/RJ;3R
CAMPOS;74281021546;3-BRSA-379-RJS;3130;1;1;04/12/2005;RIO DE JANEIRO/RJ;3R
CAMPOS;74281021546;3-BRSA-379-RJS;3146;1;1;04/12/2005;RIO DE JANEIRO/RJ;3R
CAMPOS;74281021546;3-BRSA-379-RJS;3166;1;1;04/12/2005;RIO DE JANEIRO/RJ;3R
CAMPOS;74281021546;3-BRSA-379-RJS;3199;1;1;04/12/2005;RIO DE JANEIRO/RJ;3R
CAMPOS;74281021546;3-BRSA-379-RJS;3213;1;1;04/12/2005;RIO DE JANEIRO/RJ;3R
CAMPOS;74281021546;3-BRSA-379-RJS;3237;1;1;04/12/2005;RIO DE JANEIRO/RJ;3R
CAMPOS;74281021546;3-BRSA-379-RJS;3248;1;1;04/12/2005;RIO DE JANEIRO/RJ;3R
CAMPOS;74281021546;3-BRSA-379-RJS;3342;1;1;04/12/2005;RIO DE JANEIRO/RJ;3R
CAMPOS;74281021546;3-BRSA-379-RJS;3370;1;1;04/12/2005;RIO DE JANEIRO/RJ;3R
CAMPOS;74281026008;8-PPT-5-RJS;2881;1;1;04/03/2012;RIO DE JANEIRO/RJ;3R
CAMPOS;74281026008;8-PPT-5-RJS;2881;1;1;04/03/2012;RIO DE JANEIRO/RJ;3R
CAMPOS;74281026008;8-PPT-5-RJS;2999;1;1;04/03/2012;RIO DE JANEIRO/RJ;3R
CAMPOS;74281026008;8-PPT-5-RJS;3035;1;1;04/03/2012;RIO DE JANEIRO/RJ;3R
CAMPOS;74281026008;8-PPT-5-RJS;3055;1;1;04/03/2012;RIO DE JANEIRO/RJ;3R
CAMPOS;74281026008;8-PPT-5-RJS;3075;1;1;04/03/2012;RIO DE JANEIRO/RJ;3R
CAMPOS;74281026008;8-PPT-5-RJS;3102;1;1;04/03/2012;RIO DE JANEIRO/RJ;3R
CAMPOS;74281026008;8-PPT-5-RJS;3119;1;1;04/03/2012;RIO DE JANEIRO/RJ;3R
CAMPOS;74281026008;8-PPT-5-RJS;3155;1;1;04/03/2012;RIO DE JANEIRO/RJ;3R
CAMPOS;74281026008;8-PPT-5-RJS;3171;1;1;04/03/2012;RIO DE JANEIRO/RJ;3R
CAMPOS;74281026008;8-PPT-5-RJS;3180;1;1;04/03/2012;RIO DE JANEIRO/RJ;3R
CAMPOS;74281026008;8-PPT-5-RJS;3180;1;1;04/03/2012;RIO DE JANEIRO/RJ;3R
CAMPOS;74281026008;8-PPT-5-RJS;3182;1;1;04/03/2012;RIO DE JANEIRO/RJ;3R
CAMPOS;74281026008;8-PPT-5-RJS;3182;1;1;04/03/2012;RIO DE JANEIRO/RJ;3R
CAMPOS;74281026008;8-PPT-5-RJS;3185;1;1;04/03/2012;RIO DE JANEIRO/RJ;3R
CAMPOS;74281026008;8-PPT-5-RJS;3187;1;1;04/03/2012;RIO DE JANEIRO/RJ;3R
CAMPOS;74281026008;8-PPT-5-RJS;3188;1;1;04/03/2012;RIO DE JANEIRO/RJ;3R
CAMPOS;74281026008;8-PPT-5-RJS;3209;1;1;04/03/2012;RIO DE JANEIRO/RJ;3R
CAMPOS;74281026008;8-PPT-5-RJS;3289;1;1;04/03/2012;RIO DE JANEIRO/RJ;3R
CAMPOS;74281026008;8-PPT-5-RJS;3291;1;1;04/03/2012;RIO DE JANEIRO/RJ;3R
CAMPOS;74281026008;8-PPT-5-RJS;3304;1;1;04/03/2012;RIO DE JANEIRO/RJ;3R
CAMPOS;74281026008;8-PPT-5-RJS;3313;1;1;04/03/2012;RIO DE JANEIRO/RJ;3R
CAMPOS;74281025902;8-PPT-6-RJS;2940;1;2;24/12/2011;RIO DE JANEIRO/RJ;3R
CAMPOS;74281025902;8-PPT-6-RJS;2943;1;2;24/12/2011;RIO DE JANEIRO/RJ;3R
CAMPOS;74281025902;8-PPT-6-RJS;2947;1;2;24/12/2011;RIO DE JANEIRO/RJ;3R
CAMPOS;74281025902;8-PPT-6-RJS;2951;1;2;24/12/2011;RIO DE JANEIRO/RJ;3R
CAMPOS;74281025902;8-PPT-6-RJS;3110;1;2;24/12/2011;RIO DE JANEIRO/RJ;3R
CAMPOS;74281025902;8-PPT-6-RJS;3115;1;2;24/12/2011;RIO DE JANEIRO/RJ;3R
CAMPOS;74281025902;8-PPT-6-RJS;3135;1;2;24/12/2011;RIO DE JANEIRO/RJ;3R
CAMPOS;74281025902;8-PPT-6-RJS;3148;1;2;24/12/2011;RIO DE JANEIRO/RJ;3R
CAMPOS;74281025902;8-PPT-6-RJS;3153;1;2;24/12/2011;RIO DE JANEIRO/RJ;3R
CAMPOS;74281025902;8-PPT-6-RJS;3187;1;2;24/12/2011;RIO DE JANEIRO/RJ;3R
CAMPOS;74281025902;8-PPT-6-RJS;3204;1;2;24/12/2011;RIO DE JANEIRO/RJ;3R
CAMPOS;74281025902;8-PPT-6-RJS;3220;1;2;24/12/2011;RIO DE JANEIRO/RJ;3R
CAMPOS;74281025902;8-PPT-6-RJS;3233;1;2;24/12/2011;RIO DE JANEIRO/RJ;3R
CAMPOS;74281025902;8-PPT-6-RJS;3234;1;2;24/12/2011;RIO DE JANEIRO/RJ;3R
CAMPOS;74281025902;8-PPT-6-RJS;3244;1;2;24/12/2011;RIO DE JANEIRO/RJ;3R
CAMPOS;74281025902;8-PPT-6-RJS;3257;1;2;24/12/2011;RIO DE JANEIRO/RJ;3R
CAMPOS;74281025902;8-PPT-6-RJS;3261;1;2;24/12/2011;RIO DE JANEIRO/RJ;3R
CAMPOS;74281025902;8-PPT-6-RJS;3273;1;2;24/12/2011;RIO DE JANEIRO/RJ;3R
CAMPOS;74281025902;8-PPT-6-RJS;3289;2;2;24/12/2011;RIO DE JANEIRO/RJ;3R
CAMPOS;74281025902;8-PPT-6-RJS;3297;2;2;24/12/2011;RIO DE JANEIRO/RJ;3R
CAMPOS;74281025902;8-PPT-6-RJS;3301;2;2;24/12/2011;RIO DE JANEIRO/RJ;3R
CAMPOS;74281025902;8-PPT-6-RJS;3357;2;2;24/12/2011;RIO DE JANEIRO/RJ;3R
CAMPOS;74281025902;8-PPT-6-RJS;3363;2;2;24/12/2011;RIO DE JANEIRO/RJ;3R
CAMPOS;74281025902;8-PPT-6-RJS;3369;2;2;24/12/2011;RIO DE JANEIRO/RJ;3R
CAMPOS;74281025902;8-PPT-6-RJS;3385;2;2;24/12/2011;RIO DE JANEIRO/RJ;3R
CAMPOS;74281025902;8-PPT-6-RJS;3419;2;2;24/12/2011;RIO DE JANEIRO/RJ;3R
CAMPOS;74281025998;9-PPT-3D-RJS;3406;1;2;05/03/2012;RIO DE JANEIRO/RJ;3R
CAMPOS;74281025998;9-PPT-3D-RJS;3409;1;2;05/03/2012;RIO DE JANEIRO/RJ;3R
CAMPOS;74281025998;9-PPT-3D-RJS;3417;1;2;05/03/2012;RIO DE JANEIRO/RJ;3R
CAMPOS;74281025998;9-PPT-3D-RJS;3418;1;2;05/03/2012;RIO DE JANEIRO/RJ;3R
CAMPOS;74281025998;9-PPT-3D-RJS;3427;1;2;05/03/2012;RIO DE JANEIRO/RJ;3R
CAMPOS;74281025998;9-PPT-3D-RJS;3432;1;2;05/03/2012;RIO DE JANEIRO/RJ;3R
CAMPOS;74281025998;9-PPT-3D-RJS;3436;1;2;05/03/2012;RIO DE JANEIRO/RJ;3R
CAMPOS;74281025998;9-PPT-3D-RJS;3447;1;2;05/03/2012;RIO DE JANEIRO/RJ;3R
CAMPOS;74281025998;9-PPT-3D-RJS;3450;1;2;05/03/2012;RIO DE JANEIRO/RJ;3R
CAMPOS;74281025998;9-PPT-3D-RJS;3457;1;2;05/03/2012;RIO DE JANEIRO/RJ;3R
CAMPOS;74281025998;9-PPT-3D-RJS;3460;1;2;05/03/2012;RIO DE JANEIRO/RJ;3R
CAMPOS;74281025998;9-PPT-3D-RJS;3465;1;2;05/03/2012;RIO DE JANEIRO/RJ;3R
CAMPOS;74281025998;9-PPT-3D-RJS;3469;1;2;05/03/2012;RIO DE JANEIRO/RJ;3R
CAMPOS;74281025998;9-PPT-3D-RJS;3475;1;2;05/03/2012;RIO DE JANEIRO/RJ;3R
CAMPOS;74281025998;9-PPT-3D-RJS;3480;1;2;05/03/2012;RIO DE JANEIRO/RJ;3R
CAMPOS;74281025998;9-PPT-3D-RJS;3485;1;2;05/03/2012;RIO DE JANEIRO/RJ;3R
CAMPOS;74281025998;9-PPT-3D-RJS;3486;1;2;05/03/2012;RIO DE JANEIRO/RJ;3R
CAMPOS;74281025998;9-PPT-3D-RJS;3495;1;2;05/03/2012;RIO DE JANEIRO/RJ;3R
CAMPOS;74281025998;9-PPT-3D-RJS;3497;2;2;05/03/2012;RIO DE JANEIRO/RJ;3R
CAMPOS;74281025998;9-PPT-3D-RJS;3499;2;2;05/03/2012;RIO DE JANEIRO/RJ;3R
CAMPOS;74281025998;9-PPT-3D-RJS;3504;2;2;05/03/2012;RIO DE JANEIRO/RJ;3R
CAMPOS;74281025998;9-PPT-3D-RJS;3508;2;2;05/03/2012;RIO DE JANEIRO/RJ;3R
CAMPOS;74281025998;9-PPT-3D-RJS;3512;2;2;05/03/2012;RIO DE JANEIRO/RJ;3R
CAMPOS;74281025998;9-PPT-3D-RJS;3520;2;2;05/03/2012;RIO DE JANEIRO/RJ;3R
CAMPOS;74281025998;9-PPT-3D-RJS;3531;2;2;05/03/2012;RIO DE JANEIRO/RJ;3R
CAMPOS;74281025998;9-PPT-3D-RJS;3556;2;2;05/03/2012;RIO DE JANEIRO/RJ;3R
CAMPOS;74281021174;3-BRSA-325-RJS;3002;1;1;26/02/2005;RIO DE JANEIRO/RJ;3R
CAMPOS;74281021174;3-BRSA-325-RJS;3014;1;1;26/02/2005;RIO DE JANEIRO/RJ;3R
CAMPOS;74281021174;3-BRSA-325-RJS;3023;1;1;26/02/2005;RIO DE JANEIRO/RJ;3R
CAMPOS;74281021174;3-BRSA-325-RJS;3030;1;1;26/02/2005;RIO DE JANEIRO/RJ;3R
CAMPOS;74281021174;3-BRSA-325-RJS;3038;1;1;26/02/2005;RIO DE JANEIRO/RJ;3R
CAMPOS;74281021174;3-BRSA-325-RJS;3109;1;1;26/02/2005;RIO DE JANEIRO/RJ;3R
CAMPOS;74281021174;3-BRSA-325-RJS;3138;1;1;26/02/2005;RIO DE JANEIRO/RJ;3R
CAMPOS;74281021174;3-BRSA-325-RJS;3150;1;1;26/02/2005;RIO DE JANEIRO/RJ;3R
CAMPOS;74281021174;3-BRSA-325-RJS;3170;1;1;26/02/2005;RIO DE JANEIRO/RJ;3R
CAMPOS;74281021174;3-BRSA-325-RJS;3178;1;1;26/02/2005;RIO DE JANEIRO/RJ;3R
CAMPOS;74281021174;3-BRSA-325-RJS;3188;1;1;26/02/2005;RIO DE JANEIRO/RJ;3R
CAMPOS;74281021174;3-BRSA-325-RJS;3202;1;1;26/02/2005;RIO DE JANEIRO/RJ;3R
CAMPOS;74281021174;3-BRSA-325-RJS;3220;1;1;26/02/2005;RIO DE JANEIRO/RJ;3R
CAMPOS;74281021174;3-BRSA-325-RJS;3245;1;1;26/02/2005;RIO DE JANEIRO/RJ;3R
CAMPOS;74281021174;3-BRSA-325-RJS;3272;1;1;26/02/2005;RIO DE JANEIRO/RJ;3R
CAMPOS;74281021174;3-BRSA-325-RJS;3285;1;1;26/02/2005;RIO DE JANEIRO/RJ;3R
CAMPOS;74281021174;3-BRSA-325-RJS;3308;1;1;26/02/2005;RIO DE JANEIRO/RJ;3R
CAMPOS;74281021174;3-BRSA-325-RJS;3323;1;1;26/02/2005;RIO DE JANEIRO/RJ;3R
CAMPOS;74281021174;3-BRSA-325-RJS;3341;1;1;26/02/2005;RIO DE JANEIRO/RJ;3R
CAMPOS;74281021174;3-BRSA-325-RJS;3359;1;1;26/02/2005;RIO DE JANEIRO/RJ;3R
CAMPOS;74281020506;4-BRSA-218-RJS;3018;1;1;24/06/2003;RIO DE JANEIRO/RJ;3R
CAMPOS;74281020506;4-BRSA-218-RJS;3034;1;1;24/06/2003;RIO DE JANEIRO/RJ;3R
CAMPOS;74281020506;4-BRSA-218-RJS;3046;1;1;24/06/2003;RIO DE JANEIRO/RJ;3R
CAMPOS;74281020506;4-BRSA-218-RJS;3048;1;1;24/06/2003;RIO DE JANEIRO/RJ;3R
CAMPOS;74281020506;4-BRSA-218-RJS;3057;1;1;24/06/2003;RIO DE JANEIRO/RJ;3R
CAMPOS;74281020506;4-BRSA-218-RJS;3061;1;1;24/06/2003;RIO DE JANEIRO/RJ;3R
CAMPOS;74281020506;4-BRSA-218-RJS;3067;1;1;24/06/2003;RIO DE JANEIRO/RJ;3R
CAMPOS;74281020506;4-BRSA-218-RJS;3071;1;1;24/06/2003;RIO DE JANEIRO/RJ;3R
CAMPOS;74281020506;4-BRSA-218-RJS;3076;1;1;24/06/2003;RIO DE JANEIRO/RJ;3R
CAMPOS;74281020506;4-BRSA-218-RJS;3093;1;1;24/06/2003;RIO DE JANEIRO/RJ;3R
CAMPOS;74281020506;4-BRSA-218-RJS;3102;1;1;24/06/2003;RIO DE JANEIRO/RJ;3R
CAMPOS;74281020506;4-BRSA-218-RJS;3110;1;1;24/06/2003;RIO DE JANEIRO/RJ;3R
CAMPOS;74281020506;4-BRSA-218-RJS;3121;1;1;24/06/2003;RIO DE JANEIRO/RJ;3R
CAMPOS;74281020506;4-BRSA-218-RJS;3128;1;1;24/06/2003;RIO DE JANEIRO/RJ;3R
CAMPOS;74281020506;4-BRSA-218-RJS;3139;1;1;24/06/2003;RIO DE JANEIRO/RJ;3R
CAMPOS;74281020506;4-BRSA-218-RJS;3142;1;1;24/06/2003;RIO DE JANEIRO/RJ;3R
CAMPOS;74281020506;4-BRSA-218-RJS;3152;1;1;24/06/2003;RIO DE JANEIRO/RJ;3R
CAMPOS;74281020506;4-BRSA-218-RJS;3157;1;1;24/06/2003;RIO DE JANEIRO/RJ;3R
CAMPOS;74281020506;4-BRSA-218-RJS;3162;1;1;24/06/2003;RIO DE JANEIRO/RJ;3R
CAMPOS;74281020506;4-BRSA-218-RJS;3163;1;1;24/06/2003;RIO DE JANEIRO/RJ;3R
CAMPOS;74281020506;4-BRSA-218-RJS;3189;1;1;24/06/2003;RIO DE JANEIRO/RJ;3R
CAMPOS;74281020506;4-BRSA-218-RJS;3193;1;1;24/06/2003;RIO DE JANEIRO/RJ;3R
CAMPOS;74281020506;4-BRSA-218-RJS;3195;1;1;24/06/2003;RIO DE JANEIRO/RJ;3R
CAMPOS;74281020506;4-BRSA-218-RJS;3197;1;1;24/06/2003;RIO DE JANEIRO/RJ;3R
CAMPOS;74281020506;4-BRSA-218-RJS;3258;1;1;24/06/2003;RIO DE JANEIRO/RJ;3R
CAMPOS;74281021547;4-BRSA-380-RJS;2952;1;1;24/12/2005;RIO DE JANEIRO/RJ;3R
CAMPOS;74281021547;4-BRSA-380-RJS;3002;1;1;24/12/2005;RIO DE JANEIRO/RJ;3R
CAMPOS;74281021547;4-BRSA-380-RJS;3007;1;1;24/12/2005;RIO DE JANEIRO/RJ;3R
CAMPOS;74281021547;4-BRSA-380-RJS;3012;1;1;24/12/2005;RIO DE JANEIRO/RJ;3R
CAMPOS;74281021547;4-BRSA-380-RJS;3022;1;1;24/12/2005;RIO DE JANEIRO/RJ;3R
CAMPOS;74281021547;4-BRSA-380-RJS;3029;1;1;24/12/2005;RIO DE JANEIRO/RJ;3R
CAMPOS;74281021547;4-BRSA-380-RJS;3032;1;1;24/12/2005;RIO DE JANEIRO/RJ;3R
CAMPOS;74281021547;4-BRSA-380-RJS;3047;1;1;24/12/2005;RIO DE JANEIRO/RJ;3R
CAMPOS;74281021547;4-BRSA-380-RJS;3057;1;1;24/12/2005;RIO DE JANEIRO/RJ;3R
CAMPOS;74281021547;4-BRSA-380-RJS;3086;1;1;24/12/2005;RIO DE JANEIRO/RJ;3R
CAMPOS;74281021547;4-BRSA-380-RJS;3112;1;1;24/12/2005;RIO DE JANEIRO/RJ;3R
CAMPOS;74281021547;4-BRSA-380-RJS;3115;1;1;24/12/2005;RIO DE JANEIRO/RJ;3R
CAMPOS;74281021547;4-BRSA-380-RJS;3116;1;1;24/12/2005;RIO DE JANEIRO/RJ;3R
CAMPOS;74281021547;4-BRSA-380-RJS;3119;1;1;24/12/2005;RIO DE JANEIRO/RJ;3R
CAMPOS;74281021547;4-BRSA-380-RJS;3120;1;1;24/12/2005;RIO DE JANEIRO/RJ;3R
CAMPOS;74281021547;4-BRSA-380-RJS;3123;1;1;24/12/2005;RIO DE JANEIRO/RJ;3R
CAMPOS;74281021547;4-BRSA-380-RJS;3136;1;1;24/12/2005;RIO DE JANEIRO/RJ;3R
CAMPOS;74281021547;4-BRSA-380-RJS;3150;1;1;24/12/2005;RIO DE JANEIRO/RJ;3R
CAMPOS;74281021547;4-BRSA-380-RJS;3156;1;1;24/12/2005;RIO DE JANEIRO/RJ;3R
CAMPOS;74281021547;4-BRSA-380-RJS;3158;1;1;24/12/2005;RIO DE JANEIRO/RJ;3R
CAMPOS;74281021547;4-BRSA-380-RJS;3167;1;1;24/12/2005;RIO DE JANEIRO/RJ;3R
CAMPOS;74281021547;4-BRSA-380-RJS;3173;1;1;24/12/2005;RIO DE JANEIRO/RJ;3R
CAMPOS;74281021547;4-BRSA-380-RJS;3209;1;1;24/12/2005;RIO DE JANEIRO/RJ;3R
CAMPOS;74281021547;4-BRSA-380-RJS;3227;1;1;24/12/2005;RIO DE JANEIRO/RJ;3R
CAMPOS;74281021547;4-BRSA-380-RJS;3242;1;1;24/12/2005;RIO DE JANEIRO/RJ;3R
POTIGUAR;72100024795;3-BRSA-834-RN;1922;1;1;30/09/2010;RIO DE JANEIRO/RJ;3R
POTIGUAR;72100024795;3-BRSA-834-RN;1925;1;1;30/09/2010;RIO DE JANEIRO/RJ;3R
POTIGUAR;72100024795;3-BRSA-834-RN;1930;1;1;30/09/2010;RIO DE JANEIRO/RJ;3R
POTIGUAR;72100024795;3-BRSA-834-RN;1934;1;1;30/09/2010;RIO DE JANEIRO/RJ;3R
POTIGUAR;72100024795;3-BRSA-834-RN;1941;1;1;30/09/2010;RIO DE JANEIRO/RJ;3R
POTIGUAR;72100024795;3-BRSA-834-RN;1963;1;1;30/09/2010;RIO DE JANEIRO/RJ;3R
POTIGUAR;72100027398;7-SCR-133D-RN;693;1;1;04/02/2014;RIO DE JANEIRO/RJ;3R
POTIGUAR;72100027398;7-SCR-133D-RN;726;1;1;04/02/2014;RIO DE JANEIRO/RJ;3R
POTIGUAR;72100027398;7-SCR-133D-RN;775;1;1;04/02/2014;RIO DE JANEIRO/RJ;3R
POTIGUAR;72100024063;3-BRSA-759-RN;2725;1;1;12/11/2009;RIO DE JANEIRO/RJ;3R
POTIGUAR;72100024063;3-BRSA-759-RN;2730;1;1;12/11/2009;RIO DE JANEIRO/RJ;3R
POTIGUAR;72100024063;3-BRSA-759-RN;2740;1;1;12/11/2009;RIO DE JANEIRO/RJ;3R
POTIGUAR;72100024063;3-BRSA-759-RN;2745;1;1;12/11/2009;RIO DE JANEIRO/RJ;3R
POTIGUAR;72100024063;3-BRSA-759-RN;2755;1;1;12/11/2009;RIO DE JANEIRO/RJ;3R
POTIGUAR;72100024063;3-BRSA-759-RN;2765;1;1;12/11/2009;RIO DE JANEIRO/RJ;3R
POTIGUAR;301000110400;7-FZB-236-CE;38250%;1;1;06/10/1982;RIO DE JANEIRO/RJ;3R
POTIGUAR;721000717500;1-PS-1-RN;2698;1;1;24/07/1986;RIO DE JANEIRO/RJ;3R
POTIGUAR;721000717500;1-PS-1-RN;2751;1;1;24/07/1986;RIO DE JANEIRO/RJ;3R
PARNAÍBA;50090029365;1-ENV-2-MA;1511;1;1;10/04/2019;RIO DE JANEIRO/RJ;ENEVA
PARNAÍBA;50090029365;1-ENV-2-MA;1558;1;1;10/04/2019;RIO DE JANEIRO/RJ;ENEVA
PARNAÍBA;50090029365;1-ENV-2-MA;1643;1;1;10/04/2019;RIO DE JANEIRO/RJ;ENEVA
PARNAÍBA;50090029365;1-ENV-2-MA;1651;1;1;10/04/2019;RIO DE JANEIRO/RJ;ENEVA
PARNAÍBA;50090029365;1-ENV-2-MA;1663;1;1;10/04/2019;RIO DE JANEIRO/RJ;ENEVA
PARNAÍBA;50090029365;1-ENV-2-MA;1767;1;1;10/04/2019;RIO DE JANEIRO/RJ;ENEVA
PARNAÍBA;50090029365;1-ENV-2-MA;1788;1;1;10/04/2019;RIO DE JANEIRO/RJ;ENEVA
PARNAÍBA;50090029365;1-ENV-2-MA;1840;1;1;10/04/2019;RIO DE JANEIRO/RJ;ENEVA
PARNAÍBA;50090029714;3-ENV-20-MA;2159;1;1;20/08/2021;RIO DE JANEIRO/RJ;ENEVA
PARNAÍBA;50090029714;3-ENV-20-MA;2227;1;1;20/08/2021;RIO DE JANEIRO/RJ;ENEVA
PARNAÍBA;50090029714;3-ENV-20-MA;2229;1;1;20/08/2021;RIO DE JANEIRO/RJ;ENEVA
PARNAÍBA;50090029714;3-ENV-20-MA;2244;1;1;20/08/2021;RIO DE JANEIRO/RJ;ENEVA
PARNAÍBA;50090029714;3-ENV-20-MA;2248;1;1;20/08/2021;RIO DE JANEIRO/RJ;ENEVA
PARNAÍBA;50090029714;3-ENV-20-MA;2262;1;1;20/08/2021;RIO DE JANEIRO/RJ;ENEVA
PARNAÍBA;50090029714;3-ENV-20-MA;2281;1;1;20/08/2021;RIO DE JANEIRO/RJ;ENEVA
PARNAÍBA;50090029714;3-ENV-20-MA;2283;1;1;20/08/2021;RIO DE JANEIRO/RJ;ENEVA
PARNAÍBA;50090029714;3-ENV-20-MA;2291;1;1;20/08/2021;RIO DE JANEIRO/RJ;ENEVA
PARNAÍBA;50090029714;3-ENV-20-MA;2297;1;1;20/08/2021;RIO DE JANEIRO/RJ;ENEVA
PARNAÍBA;50090029721;1-ENV-21-MA;2232;1;1;07/09/2021;RIO DE JANEIRO/RJ;ENEVA
PARNAÍBA;50090029721;1-ENV-21-MA;2174;1;1;07/09/2021;RIO DE JANEIRO/RJ;ENEVA
PARNAÍBA;50090029721;1-ENV-21-MA;2177;1;1;07/09/2021;RIO DE JANEIRO/RJ;ENEVA
PARNAÍBA;50090029899;3-ENV-38-MA;1577;1;1;19/10/2022;RIO DE JANEIRO/RJ;ENEVA
PARNAÍBA;50090029899;3-ENV-38-MA;1579;1;1;19/10/2022;RIO DE JANEIRO/RJ;ENEVA
PARNAÍBA;50090029899;3-ENV-38-MA;1581;1;1;19/10/2022;RIO DE JANEIRO/RJ;ENEVA
PARNAÍBA;50090029899;3-ENV-38-MA;1583;1;1;19/10/2022;RIO DE JANEIRO/RJ;ENEVA
PARNAÍBA;50090029899;3-ENV-38-MA;1585;1;1;19/10/2022;RIO DE JANEIRO/RJ;ENEVA
PARNAÍBA;50090029899;3-ENV-38-MA;1587;1;1;19/10/2022;RIO DE JANEIRO/RJ;ENEVA
PARNAÍBA;50090029899;3-ENV-38-MA;1589;1;1;19/10/2022;RIO DE JANEIRO/RJ;ENEVA
PARNAÍBA;50090029899;3-ENV-38-MA;1591;1;1;19/10/2022;RIO DE JANEIRO/RJ;ENEVA
PARNAÍBA;50090029899;3-ENV-38-MA;1593;1;1;19/10/2022;RIO DE JANEIRO/RJ;ENEVA
PARNAÍBA;50090029899;3-ENV-38-MA;1595;1;1;19/10/2022;RIO DE JANEIRO/RJ;ENEVA
PARNAÍBA;50090029899;3-ENV-38-MA;1597;1;1;19/10/2022;RIO DE JANEIRO/RJ;ENEVA
PARNAÍBA;50090029899;3-ENV-38-MA;1599;1;1;19/10/2022;RIO DE JANEIRO/RJ;ENEVA
PARNAÍBA;50090029899;3-ENV-38-MA;1620;1;1;19/10/2022;RIO DE JANEIRO/RJ;ENEVA
PARNAÍBA;50090029899;3-ENV-38-MA;1622;1;1;19/10/2022;RIO DE JANEIRO/RJ;ENEVA
PARNAÍBA;50090029899;3-ENV-38-MA;1624;1;1;19/10/2022;RIO DE JANEIRO/RJ;ENEVA
PARNAÍBA;50090029899;3-ENV-38-MA;1626;1;1;19/10/2022;RIO DE JANEIRO/RJ;ENEVA
PARNAÍBA;50090029899;3-ENV-38-MA;1628;1;1;19/10/2022;RIO DE JANEIRO/RJ;ENEVA
PARNAÍBA;50090029899;3-ENV-38-MA;1630;1;1;19/10/2022;RIO DE JANEIRO/RJ;ENEVA
PARNAÍBA;50090029899;3-ENV-38-MA;1632;1;1;19/10/2022;RIO DE JANEIRO/RJ;ENEVA
PARNAÍBA;50090029899;3-ENV-38-MA;1634;1;1;19/10/2022;RIO DE JANEIRO/RJ;ENEVA
PARNAÍBA;50090029899;3-ENV-38-MA;1636;1;1;19/10/2022;RIO DE JANEIRO/RJ;ENEVA
PARNAÍBA;50090029899;3-ENV-38-MA;1638;1;1;19/10/2022;RIO DE JANEIRO/RJ;ENEVA
PARNAÍBA;50090029899;3-ENV-38-MA;1640;1;1;19/10/2022;RIO DE JANEIRO/RJ;ENEVA
PARNAÍBA;50090029899;3-ENV-38-MA;1642;1;1;19/10/2022;RIO DE JANEIRO/RJ;ENEVA
PARNAÍBA;50090029899;3-ENV-38-MA;1644;1;1;19/10/2022;RIO DE JANEIRO/RJ;ENEVA
PARNAÍBA;50090029899;3-ENV-38-MA;1646;1;1;19/10/2022;RIO DE JANEIRO/RJ;ENEVA
PARNAÍBA;50090029899;3-ENV-38-MA;1648;1;1;19/10/2022;RIO DE JANEIRO/RJ;ENEVA
PARNAÍBA;50090029899;3-ENV-38-MA;1650;1;1;19/10/2022;RIO DE JANEIRO/RJ;ENEVA
PARNAÍBA;50090029899;3-ENV-38-MA;1652;1;1;19/10/2022;RIO DE JANEIRO/RJ;ENEVA
PARNAÍBA;50090029899;3-ENV-38-MA;1654;1;1;19/10/2022;RIO DE JANEIRO/RJ;ENEVA
AMAZONAS;14030029983;3-ENV-39D-AM;1736;1;1;26/03/2023;RIO DE JANEIRO/RJ;ENEVA
AMAZONAS;14030029983;3-ENV-39D-AM;1853;1;1;26/03/2023;RIO DE JANEIRO/RJ;ENEVA
AMAZONAS;14030029983;3-ENV-39D-AM;1858;1;1;26/03/2023;RIO DE JANEIRO/RJ;ENEVA
AMAZONAS;14030029983;3-ENV-39D-AM;1864;1;1;26/03/2023;RIO DE JANEIRO/RJ;ENEVA
AMAZONAS;14030029983;3-ENV-39D-AM;1869;1;1;26/03/2023;RIO DE JANEIRO/RJ;ENEVA
AMAZONAS;14030029983;3-ENV-39D-AM;1872;1;1;26/03/2023;RIO DE JANEIRO/RJ;ENEVA
AMAZONAS;14030029983;3-ENV-39D-AM;1877;1;1;26/03/2023;RIO DE JANEIRO/RJ;ENEVA
AMAZONAS;14030029983;3-ENV-39D-AM;1907;1;1;26/03/2023;RIO DE JANEIRO/RJ;ENEVA
AMAZONAS;14030029983;3-ENV-39D-AM;1909;1;1;26/03/2023;RIO DE JANEIRO/RJ;ENEVA
AMAZONAS;14030029983;3-ENV-39D-AM;1911;1;1;26/03/2023;RIO DE JANEIRO/RJ;ENEVA
AMAZONAS;14030029983;3-ENV-39D-AM;1988;1;1;26/03/2023;RIO DE JANEIRO/RJ;ENEVA
AMAZONAS;14030030009;3-ENV-40D-AM;1890;1;1;23/04/2023;RIO DE JANEIRO/RJ;ENEVA
AMAZONAS;14030030009;3-ENV-40D-AM;1893;1;1;23/04/2023;RIO DE JANEIRO/RJ;ENEVA
AMAZONAS;14030030009;3-ENV-40D-AM;1907;1;1;23/04/2023;RIO DE JANEIRO/RJ;ENEVA
AMAZONAS;14030030009;3-ENV-40D-AM;1910;1;1;23/04/2023;RIO DE JANEIRO/RJ;ENEVA
AMAZONAS;14030030009;3-ENV-40D-AM;1913;1;1;23/04/2023;RIO DE JANEIRO/RJ;ENEVA
AMAZONAS;14030030009;3-ENV-40D-AM;1998;1;1;23/04/2023;RIO DE JANEIRO/RJ;ENEVA
AMAZONAS;14030030009;3-ENV-40D-AM;2010;1;1;23/04/2023;RIO DE JANEIRO/RJ;ENEVA
AMAZONAS;14030030009;3-ENV-40D-AM;2013;1;1;23/04/2023;RIO DE JANEIRO/RJ;ENEVA
AMAZONAS;14030030009;3-ENV-40D-AM;2014;1;1;23/04/2023;RIO DE JANEIRO/RJ;ENEVA
AMAZONAS;14030030009;3-ENV-40D-AM;2058;1;1;23/04/2023;RIO DE JANEIRO/RJ;ENEVA
AMAZONAS;14030030009;3-ENV-40D-AM;2066;1;1;23/04/2023;RIO DE JANEIRO/RJ;ENEVA
AMAZONAS;14030030009;3-ENV-40D-AM;2072;1;1;23/04/2023;RIO DE JANEIRO/RJ;ENEVA
AMAZONAS;14030030089;3-ENV-43D-AM;1105;1;1;19/08/2023;RIO DE JANEIRO/RJ;ENEVA
AMAZONAS;14030030089;3-ENV-43D-AM;1622;1;1;19/08/2023;RIO DE JANEIRO/RJ;ENEVA
AMAZONAS;14030030089;3-ENV-43D-AM;2126;1;1;19/08/2023;RIO DE JANEIRO/RJ;ENEVA
AMAZONAS;14030030089;3-ENV-43D-AM;2300;1;1;19/08/2023;RIO DE JANEIRO/RJ;ENEVA
ESPÍRITO SANTO;34270026953;6-BRSA-1167-ES;1650;1;1;02/06/2013;LINHARES/ES;CAPIXABA
ESPÍRITO SANTO;34270026953;6-BRSA-1167-ES;1651;1;1;03/06/2013;LINHARES/ES;CAPIXABA
ESPÍRITO SANTO;34270026953;6-BRSA-1167-ES;1675;1;1;10/06/2013;LINHARES/ES;CAPIXABA
ESPÍRITO SANTO;34270026953;6-BRSA-1167-ES;2128;1;1;15/06/2013;LINHARES/ES;CAPIXABA
SÃO FRANCISCO;58275026757;1-IMET-7-MG;145;1;2;25/02/2013;LINHARES/ES;CAPIXABA
SÃO FRANCISCO;58275026757;1-IMET-7-MG;186;1;2;25/02/2013;LINHARES/ES;CAPIXABA
SÃO FRANCISCO;58275026757;1-IMET-7-MG;327;1;2;25/02/2013;LINHARES/ES;CAPIXABA
SÃO FRANCISCO;58275026757;1-IMET-7-MG;344;1;2;25/02/2013;LINHARES/ES;CAPIXABA
SÃO FRANCISCO;58275026757;1-IMET-7-MG;350;1;2;25/02/2013;LINHARES/ES;CAPIXABA
SÃO FRANCISCO;58275026757;1-IMET-7-MG;365;1;2;25/02/2013;LINHARES/ES;CAPIXABA
SÃO FRANCISCO;58275026757;1-IMET-7-MG;331;1;2;25/02/2013;LINHARES/ES;CAPIXABA
SÃO FRANCISCO;58275026757;1-IMET-7-MG;397;1;2;25/02/2013;LINHARES/ES;CAPIXABA
SÃO FRANCISCO;58275026757;1-IMET-7-MG;457;1;2;25/02/2013;LINHARES/ES;CAPIXABA
SÃO FRANCISCO;58275026757;1-IMET-7-MG;459;1;2;25/02/2013;LINHARES/ES;CAPIXABA
SÃO FRANCISCO;58275026757;1-IMET-7-MG;525;1;2;25/02/2013;LINHARES/ES;CAPIXABA
SÃO FRANCISCO;58275026757;1-IMET-7-MG;608;1;2;25/02/2013;LINHARES/ES;CAPIXABA
SÃO FRANCISCO;58275026757;1-IMET-7-MG;884;1;2;25/02/2013;LINHARES/ES;CAPIXABA
SÃO FRANCISCO;58275026757;1-IMET-7-MG;1327;2;2;25/02/2013;LINHARES/ES;CAPIXABA
SÃO FRANCISCO;58275026757;1-IMET-7-MG;1334;2;2;25/02/2013;LINHARES/ES;CAPIXABA
SÃO FRANCISCO;58275026757;1-IMET-7-MG;1335;2;2;25/02/2013;LINHARES/ES;CAPIXABA
SÃO FRANCISCO;58275026757;1-IMET-7-MG;1445;2;2;25/02/2013;LINHARES/ES;CAPIXABA
SÃO FRANCISCO;58275026757;1-IMET-7-MG;1479;2;2;25/02/2013;LINHARES/ES;CAPIXABA
SÃO FRANCISCO;58275026757;1-IMET-7-MG;1508;2;2;25/02/2013;LINHARES/ES;CAPIXABA
SÃO FRANCISCO;58275026757;1-IMET-7-MG;1518;2;2;25/02/2013;LINHARES/ES;CAPIXABA
SÃO FRANCISCO;58275026757;1-IMET-7-MG;1531;2;2;25/02/2013;LINHARES/ES;CAPIXABA
SÃO FRANCISCO;58275026757;1-IMET-7-MG;1532;2;2;25/02/2013;LINHARES/ES;CAPIXABA
SÃO FRANCISCO;58275026757;1-IMET-7-MG;1538;2;2;25/02/2013;LINHARES/ES;CAPIXABA
SÃO FRANCISCO;58275026757;1-IMET-7-MG;1572;2;2;25/02/2013;LINHARES/ES;CAPIXABA
SÃO FRANCISCO;58275026757;1-IMET-7-MG;1583;2;2;25/02/2013;LINHARES/ES;CAPIXABA
SÃO FRANCISCO;58275026757;1-IMET-7-MG;1634;2;2;25/02/2013;LINHARES/ES;CAPIXABA
SÃO FRANCISCO;58275026757;1-IMET-7-MG;1641;2;2;25/02/2013;LINHARES/ES;CAPIXABA
SÃO FRANCISCO;58275026757;1-IMET-7-MG;1651;2;2;25/02/2013;LINHARES/ES;CAPIXABA
SÃO FRANCISCO;58275026757;1-IMET-7-MG;1680;2;2;25/02/2013;LINHARES/ES;CAPIXABA
SÃO FRANCISCO;58275026757;1-IMET-7-MG;1689;2;2;25/02/2013;LINHARES/ES;CAPIXABA
SÃO FRANCISCO;58275026757;1-IMET-7-MG;1703;2;2;25/02/2013;LINHARES/ES;CAPIXABA
SÃO FRANCISCO;58275026757;1-IMET-7-MG;1710;2;2;25/02/2013;LINHARES/ES;CAPIXABA
SÃO FRANCISCO;58275026757;1-IMET-7-MG;1728;2;2;25/02/2013;LINHARES/ES;CAPIXABA
SÃO FRANCISCO;58275026757;1-IMET-7-MG;1737;2;2;25/02/2013;LINHARES/ES;CAPIXABA
SÃO FRANCISCO;58275026757;1-IMET-7-MG;1761;2;2;25/02/2013;LINHARES/ES;CAPIXABA
SÃO FRANCISCO;58275026757;1-IMET-7-MG;1797;2;2;25/02/2013;LINHARES/ES;CAPIXABA
SÃO FRANCISCO;58275026757;1-IMET-7-MG;1800;2;2;25/02/2013;LINHARES/ES;CAPIXABA
SÃO FRANCISCO;58275026757;1-IMET-7-MG;1803;2;2;25/02/2013;LINHARES/ES;CAPIXABA
SÃO FRANCISCO;58275026884;1-IMET-8-MG;507;1;3;26/04/2013;LINHARES/ES;CAPIXABA
SÃO FRANCISCO;58275026884;1-IMET-8-MG;517;1;3;26/04/2013;LINHARES/ES;CAPIXABA
SÃO FRANCISCO;58275026884;1-IMET-8-MG;582;1;3;26/04/2013;LINHARES/ES;CAPIXABA
SÃO FRANCISCO;58275026884;1-IMET-8-MG;586;1;3;26/04/2013;LINHARES/ES;CAPIXABA
SÃO FRANCISCO;58275026884;1-IMET-8-MG;606;1;3;26/04/2013;LINHARES/ES;CAPIXABA
SÃO FRANCISCO;58275026884;1-IMET-8-MG;655;1;3;26/04/2013;LINHARES/ES;CAPIXABA
SÃO FRANCISCO;58275026884;1-IMET-8-MG;730;1;3;26/04/2013;LINHARES/ES;CAPIXABA
SÃO FRANCISCO;58275026884;1-IMET-8-MG;795;1;3;26/04/2013;LINHARES/ES;CAPIXABA
SÃO FRANCISCO;58275026884;1-IMET-8-MG;850;1;3;26/04/2013;LINHARES/ES;CAPIXABA
SÃO FRANCISCO;58275026884;1-IMET-8-MG;900;1;3;26/04/2013;LINHARES/ES;CAPIXABA
SÃO FRANCISCO;58275026884;1-IMET-8-MG;930;1;3;26/04/2013;LINHARES/ES;CAPIXABA
SÃO FRANCISCO;58275026884;1-IMET-8-MG;965;1;3;26/04/2013;LINHARES/ES;CAPIXABA
SÃO FRANCISCO;58275026884;1-IMET-8-MG;1150;1;3;26/04/2013;LINHARES/ES;CAPIXABA
SÃO FRANCISCO;58275026884;1-IMET-8-MG;1327;1;3;26/04/2013;LINHARES/ES;CAPIXABA
SÃO FRANCISCO;58275026884;1-IMET-8-MG;1341;1;3;26/04/2013;LINHARES/ES;CAPIXABA
SÃO FRANCISCO;58275026884;1-IMET-8-MG;1346;1;3;26/04/2013;LINHARES/ES;CAPIXABA
SÃO FRANCISCO;58275026884;1-IMET-8-MG;1347;1;3;26/04/2013;LINHARES/ES;CAPIXABA
SÃO FRANCISCO;58275026884;1-IMET-8-MG;1348;1;3;26/04/2013;LINHARES/ES;CAPIXABA
SÃO FRANCISCO;58275026884;1-IMET-8-MG;1349;1;3;26/04/2013;LINHARES/ES;CAPIXABA
SÃO FRANCISCO;58275026884;1-IMET-8-MG;1350;1;3;26/04/2013;LINHARES/ES;CAPIXABA
SÃO FRANCISCO;58275026884;1-IMET-8-MG;1351;1;3;26/04/2013;LINHARES/ES;CAPIXABA
SÃO FRANCISCO;58275026884;1-IMET-8-MG;1352;1;3;26/04/2013;LINHARES/ES;CAPIXABA
SÃO FRANCISCO;58275026884;1-IMET-8-MG;1353;1;3;26/04/2013;LINHARES/ES;CAPIXABA
SÃO FRANCISCO;58275026884;1-IMET-8-MG;1357;1;3;26/04/2013;LINHARES/ES;CAPIXABA
SÃO FRANCISCO;58275026884;1-IMET-8-MG;1370;1;3;26/04/2013;LINHARES/ES;CAPIXABA
SÃO FRANCISCO;58275026884;1-IMET-8-MG;1392;1;3;26/04/2013;LINHARES/ES;CAPIXABA
SÃO FRANCISCO;58275026884;1-IMET-8-MG;1402;1;3;26/04/2013;LINHARES/ES;CAPIXABA
SÃO FRANCISCO;58275026884;1-IMET-8-MG;1407;1;3;26/04/2013;LINHARES/ES;CAPIXABA
SÃO FRANCISCO;58275026884;1-IMET-8-MG;1415;2;3;26/04/2013;LINHARES/ES;CAPIXABA
SÃO FRANCISCO;58275026884;1-IMET-8-MG;1424;2;3;26/04/2013;LINHARES/ES;CAPIXABA
SÃO FRANCISCO;58275026884;1-IMET-8-MG;1433;2;3;26/04/2013;LINHARES/ES;CAPIXABA
SÃO FRANCISCO;58275026884;1-IMET-8-MG;1439;2;3;26/04/2013;LINHARES/ES;CAPIXABA
SÃO FRANCISCO;58275026884;1-IMET-8-MG;1442;2;3;26/04/2013;LINHARES/ES;CAPIXABA
SÃO FRANCISCO;58275026884;1-IMET-8-MG;1448;2;3;26/04/2013;LINHARES/ES;CAPIXABA
SÃO FRANCISCO;58275026884;1-IMET-8-MG;1462;2;3;26/04/2013;LINHARES/ES;CAPIXABA
SÃO FRANCISCO;58275026884;1-IMET-8-MG;1468;2;3;26/04/2013;LINHARES/ES;CAPIXABA
SÃO FRANCISCO;58275026884;1-IMET-8-MG;1469;2;3;26/04/2013;LINHARES/ES;CAPIXABA
SÃO FRANCISCO;58275026884;1-IMET-8-MG;1470;2;3;26/04/2013;LINHARES/ES;CAPIXABA
SÃO FRANCISCO;58275026884;1-IMET-8-MG;1471;2;3;26/04/2013;LINHARES/ES;CAPIXABA
SÃO FRANCISCO;58275026884;1-IMET-8-MG;1477;2;3;26/04/2013;LINHARES/ES;CAPIXABA
SÃO FRANCISCO;58275026884;1-IMET-8-MG;1480;2;3;26/04/2013;LINHARES/ES;CAPIXABA
SÃO FRANCISCO;58275026884;1-IMET-8-MG;1483;2;3;26/04/2013;LINHARES/ES;CAPIXABA
SÃO FRANCISCO;58275026884;1-IMET-8-MG;1489;2;3;26/04/2013;LINHARES/ES;CAPIXABA
SÃO FRANCISCO;58275026884;1-IMET-8-MG;1492;2;3;26/04/2013;LINHARES/ES;CAPIXABA
SÃO FRANCISCO;58275026884;1-IMET-8-MG;1511;2;3;26/04/2013;LINHARES/ES;CAPIXABA
SÃO FRANCISCO;58275026884;1-IMET-8-MG;1522;2;3;26/04/2013;LINHARES/ES;CAPIXABA
SÃO FRANCISCO;58275026884;1-IMET-8-MG;1532;2;3;26/04/2013;LINHARES/ES;CAPIXABA
SÃO FRANCISCO;58275026884;1-IMET-8-MG;1541;2;3;26/04/2013;LINHARES/ES;CAPIXABA
SÃO FRANCISCO;58275026884;1-IMET-8-MG;1546;2;3;26/04/2013;LINHARES/ES;CAPIXABA
SÃO FRANCISCO;58275026884;1-IMET-8-MG;1548;2;3;26/04/2013;LINHARES/ES;CAPIXABA
SÃO FRANCISCO;58275026884;1-IMET-8-MG;1559;2;3;26/04/2013;LINHARES/ES;CAPIXABA
SÃO FRANCISCO;58275026884;1-IMET-8-MG;1561;2;3;26/04/2013;LINHARES/ES;CAPIXABA
SÃO FRANCISCO;58275026884;1-IMET-8-MG;1562;2;3;26/04/2013;LINHARES/ES;CAPIXABA
SÃO FRANCISCO;58275026884;1-IMET-8-MG;1563;2;3;26/04/2013;LINHARES/ES;CAPIXABA
SÃO FRANCISCO;58275026884;1-IMET-8-MG;1577;2;3;26/04/2013;LINHARES/ES;CAPIXABA
SÃO FRANCISCO;58275026884;1-IMET-8-MG;1579;2;3;26/04/2013;LINHARES/ES;CAPIXABA
SÃO FRANCISCO;58275026884;1-IMET-8-MG;1592;2;3;26/04/2013;LINHARES/ES;CAPIXABA
SÃO FRANCISCO;58275026884;1-IMET-8-MG;1598;2;3;26/04/2013;LINHARES/ES;CAPIXABA
SÃO FRANCISCO;58275026884;1-IMET-8-MG;1604;2;3;26/04/2013;LINHARES/ES;CAPIXABA
SÃO FRANCISCO;58275026884;1-IMET-8-MG;1606;2;3;26/04/2013;LINHARES/ES;CAPIXABA
SÃO FRANCISCO;58275026884;1-IMET-8-MG;1608;2;3;26/04/2013;LINHARES/ES;CAPIXABA
SÃO FRANCISCO;58275026884;1-IMET-8-MG;1613;2;3;26/04/2013;LINHARES/ES;CAPIXABA
SÃO FRANCISCO;58275026884;1-IMET-8-MG;1616;2;3;26/04/2013;LINHARES/ES;CAPIXABA
SÃO FRANCISCO;58275026884;1-IMET-8-MG;1618;2;3;26/04/2013;LINHARES/ES;CAPIXABA
SÃO FRANCISCO;58275026884;1-IMET-8-MG;1626;2;3;26/04/2013;LINHARES/ES;CAPIXABA
SÃO FRANCISCO;58275026884;1-IMET-8-MG;1627;2;3;26/04/2013;LINHARES/ES;CAPIXABA
SÃO FRANCISCO;58275026884;1-IMET-8-MG;1636;3;3;26/04/2013;LINHARES/ES;CAPIXABA
SÃO FRANCISCO;58275026884;1-IMET-8-MG;1638;3;3;26/04/2013;LINHARES/ES;CAPIXABA
SÃO FRANCISCO;58275026884;1-IMET-8-MG;1640;3;3;26/04/2013;LINHARES/ES;CAPIXABA
SÃO FRANCISCO;58275026884;1-IMET-8-MG;1642;3;3;26/04/2013;LINHARES/ES;CAPIXABA
SÃO FRANCISCO;58275026884;1-IMET-8-MG;1644;3;3;26/04/2013;LINHARES/ES;CAPIXABA
SÃO FRANCISCO;58275026884;1-IMET-8-MG;1646;3;3;26/04/2013;LINHARES/ES;CAPIXABA
SÃO FRANCISCO;58275026884;1-IMET-8-MG;1647;3;3;26/04/2013;LINHARES/ES;CAPIXABA
SÃO FRANCISCO;58275026884;1-IMET-8-MG;1655;3;3;26/04/2013;LINHARES/ES;CAPIXABA
SÃO FRANCISCO;58275026884;1-IMET-8-MG;1663;3;3;26/04/2013;LINHARES/ES;CAPIXABA
SÃO FRANCISCO;58275026884;1-IMET-8-MG;1673;3;3;26/04/2013;LINHARES/ES;CAPIXABA
SÃO FRANCISCO;58275026884;1-IMET-8-MG;1683;3;3;26/04/2013;LINHARES/ES;CAPIXABA
SÃO FRANCISCO;58275026884;1-IMET-8-MG;1687;3;3;26/04/2013;LINHARES/ES;CAPIXABA
SÃO FRANCISCO;58275026884;1-IMET-8-MG;1690;3;3;26/04/2013;LINHARES/ES;CAPIXABA
SÃO FRANCISCO;58275026884;1-IMET-8-MG;1695;3;3;26/04/2013;LINHARES/ES;CAPIXABA
SÃO FRANCISCO;58275026884;1-IMET-8-MG;1696;3;3;26/04/2013;LINHARES/ES;CAPIXABA
SÃO FRANCISCO;58275026884;1-IMET-8-MG;1697;3;3;26/04/2013;LINHARES/ES;CAPIXABA
SÃO FRANCISCO;58275026884;1-IMET-8-MG;1698;3;3;26/04/2013;LINHARES/ES;CAPIXABA
SÃO FRANCISCO;58275026884;1-IMET-8-MG;1699;3;3;26/04/2013;LINHARES/ES;CAPIXABA
SÃO FRANCISCO;58275026884;1-IMET-8-MG;1701;3;3;26/04/2013;LINHARES/ES;CAPIXABA
SÃO FRANCISCO;58275026884;1-IMET-8-MG;1702;3;3;26/04/2013;LINHARES/ES;CAPIXABA
SÃO FRANCISCO;58275026884;1-IMET-8-MG;1704;3;3;26/04/2013;LINHARES/ES;CAPIXABA
SÃO FRANCISCO;58275026884;1-IMET-8-MG;1706;3;3;26/04/2013;LINHARES/ES;CAPIXABA
SÃO FRANCISCO;58275026884;1-IMET-8-MG;1709;3;3;26/04/2013;LINHARES/ES;CAPIXABA
SÃO FRANCISCO;58275026884;1-IMET-8-MG;1715;3;3;26/04/2013;LINHARES/ES;CAPIXABA
SÃO FRANCISCO;58275026884;1-IMET-8-MG;1717;3;3;26/04/2013;LINHARES/ES;CAPIXABA
SÃO FRANCISCO;58275026884;1-IMET-8-MG;1722;3;3;26/04/2013;LINHARES/ES;CAPIXABA
SÃO FRANCISCO;58275026884;1-IMET-8-MG;1727;3;3;26/04/2013;LINHARES/ES;CAPIXABA
SÃO FRANCISCO;58275026884;1-IMET-8-MG;1734;3;3;26/04/2013;LINHARES/ES;CAPIXABA
SÃO FRANCISCO;58275026884;1-IMET-8-MG;1747;3;3;26/04/2013;LINHARES/ES;CAPIXABA
SÃO FRANCISCO;58275026884;1-IMET-8-MG;1750;3;3;26/04/2013;LINHARES/ES;CAPIXABA
SÃO FRANCISCO;58275026884;1-IMET-8-MG;1751;3;3;26/04/2013;LINHARES/ES;CAPIXABA
SÃO FRANCISCO;58275026884;1-IMET-8-MG;1752;3;3;26/04/2013;LINHARES/ES;CAPIXABA
SÃO FRANCISCO;58275026884;1-IMET-8-MG;1757;3;3;26/04/2013;LINHARES/ES;CAPIXABA
SÃO FRANCISCO;58275026884;1-IMET-8-MG;1759;3;3;26/04/2013;LINHARES/ES;CAPIXABA
SÃO FRANCISCO;58275026884;1-IMET-8-MG;1764;3;3;26/04/2013;LINHARES/ES;CAPIXABA
SÃO FRANCISCO;58275026884;1-IMET-8-MG;1771;3;3;26/04/2013;LINHARES/ES;CAPIXABA
SÃO FRANCISCO;58275026884;1-IMET-8-MG;1776;3;3;26/04/2013;LINHARES/ES;CAPIXABA
SANTOS;86316021063;1-CHEV-1-SPS;4512.00 a 4513.00;1-CHEV-1-SPS;1;15/11/2004;RIO DE JANEIRO/RJ;CHEVRON
SANTOS;86316021358;1-CHEV-2-SPS;3085.00 a 4023.00;1-CHEV-2-SPS;1;31/07/2005;RIO DE JANEIRO/RJ;CHEVRON
CAMPOS;74281025255;1-REPF-11A-RJS;Sem identificação;1;15;13/05/2011;RIO DE JANEIRO/RJ;EQUINOR
CAMPOS;74281028227;3-REPF-16D-RJS;no id.;1;2;23/11/2015;RIO DE JANEIRO/RJ;EQUINOR
SANTOS;86316030028; 7-BAC-3-SPS (PE-EO-105);5883.46;1;2;25/09/2023;RIO DE JANEIRO/RJ;EQUINOR
SANTOS;86316030028; 7-BAC-3-SPS (PE-EO-105);5887.35;1;2;25/09/2023;RIO DE JANEIRO/RJ;EQUINOR
SANTOS;86316030028; 7-BAC-3-SPS (PE-EO-105);5891.50;1;2;25/09/2023;RIO DE JANEIRO/RJ;EQUINOR
SANTOS;86316030028; 7-BAC-3-SPS (PE-EO-105);5897.39;1;2;25/09/2023;RIO DE JANEIRO/RJ;EQUINOR
SANTOS;86316030028; 7-BAC-3-SPS (PE-EO-105);5904.81;1;2;25/09/2023;RIO DE JANEIRO/RJ;EQUINOR
SANTOS;86316030028; 7-BAC-3-SPS (PE-EO-105);5911.43;1;2;25/09/2023;RIO DE JANEIRO/RJ;EQUINOR
SANTOS;86316030028; 7-BAC-3-SPS (PE-EO-105);5921.10;1;2;25/09/2023;RIO DE JANEIRO/RJ;EQUINOR
SANTOS;86316030028; 7-BAC-3-SPS (PE-EO-105);5924.39;1;2;25/09/2023;RIO DE JANEIRO/RJ;EQUINOR
SANTOS;86316030028; 7-BAC-3-SPS (PE-EO-105);5935.80;1;2;25/09/2023;RIO DE JANEIRO/RJ;EQUINOR
SANTOS;86316030028; 7-BAC-3-SPS (PE-EO-105);5943.34;1;2;25/09/2023;RIO DE JANEIRO/RJ;EQUINOR
SANTOS;86316030028; 7-BAC-3-SPS (PE-EO-105);5950.96;1;2;25/09/2023;RIO DE JANEIRO/RJ;EQUINOR
SANTOS;86316030028; 7-BAC-3-SPS (PE-EO-105);5953.92;1;2;25/09/2023;RIO DE JANEIRO/RJ;EQUINOR
SANTOS;86316030028; 7-BAC-3-SPS (PE-EO-105);5969.26;1;2;25/09/2023;RIO DE JANEIRO/RJ;EQUINOR
SANTOS;86316030028; 7-BAC-3-SPS (PE-EO-105);5988.21;1;2;25/09/2023;RIO DE JANEIRO/RJ;EQUINOR
SANTOS;86316030028; 7-BAC-3-SPS (PE-EO-105);6000.06;1;2;25/09/2023;RIO DE JANEIRO/RJ;EQUINOR
SANTOS;86316030028; 7-BAC-3-SPS (PE-EO-105);6003.98;1;2;25/09/2023;RIO DE JANEIRO/RJ;EQUINOR
SANTOS;86316030028; 7-BAC-3-SPS (PE-EO-105);6008.70;1;2;25/09/2023;RIO DE JANEIRO/RJ;EQUINOR
SANTOS;86316030028; 7-BAC-3-SPS (PE-EO-105);6018.96;1;2;25/09/2023;RIO DE JANEIRO/RJ;EQUINOR
SANTOS;86316030028; 7-BAC-3-SPS (PE-EO-105);6026.00;1;2;25/09/2023;RIO DE JANEIRO/RJ;EQUINOR
SANTOS;86316030028; 7-BAC-3-SPS (PE-EO-105);6029.80;1;2;25/09/2023;RIO DE JANEIRO/RJ;EQUINOR
SANTOS;86316030028; 7-BAC-3-SPS (PE-EO-105);6041.68;1;2;25/09/2023;RIO DE JANEIRO/RJ;EQUINOR
SANTOS;86316030028; 7-BAC-3-SPS (PE-EO-105);6061.39;1;2;25/09/2023;RIO DE JANEIRO/RJ;EQUINOR
SANTOS;86316030028; 7-BAC-3-SPS (PE-EO-105);6068.22;1;2;25/09/2023;RIO DE JANEIRO/RJ;EQUINOR
SANTOS;86316030028; 7-BAC-3-SPS (PE-EO-105);6071.71;1;2;25/09/2023;RIO DE JANEIRO/RJ;EQUINOR
SANTOS;86316030028; 7-BAC-3-SPS (PE-EO-105);6076.79;1;2;25/09/2023;RIO DE JANEIRO/RJ;EQUINOR
SANTOS;86316030028; 7-BAC-3-SPS (PE-EO-105);6085.63;1;2;25/09/2023;RIO DE JANEIRO/RJ;EQUINOR
SANTOS;86316030028; 7-BAC-3-SPS (PE-EO-105);6093.50;1;2;25/09/2023;RIO DE JANEIRO/RJ;EQUINOR
SANTOS;86316030028; 7-BAC-3-SPS (PE-EO-105);6097.70;1;2;25/09/2023;RIO DE JANEIRO/RJ;EQUINOR
SANTOS;86316030028; 7-BAC-3-SPS (PE-EO-105);6099.92;1;2;25/09/2023;RIO DE JANEIRO/RJ;EQUINOR
SANTOS;86316030028; 7-BAC-3-SPS (PE-EO-105);6101.85;1;2;25/09/2023;RIO DE JANEIRO/RJ;EQUINOR
SANTOS;86316030028; 7-BAC-3-SPS (PE-EO-105);6103.36;1;2;25/09/2023;RIO DE JANEIRO/RJ;EQUINOR
SANTOS;86316030028; 7-BAC-3-SPS (PE-EO-105);6108.86;1;2;25/09/2023;RIO DE JANEIRO/RJ;EQUINOR
SANTOS;86316030028; 7-BAC-3-SPS (PE-EO-105);6113.30;1;2;25/09/2023;RIO DE JANEIRO/RJ;EQUINOR
SANTOS;86316030028; 7-BAC-3-SPS (PE-EO-105);6117.00;1;2;25/09/2023;RIO DE JANEIRO/RJ;EQUINOR
SANTOS;86316030028; 7-BAC-3-SPS (PE-EO-105);6121.86;1;2;25/09/2023;RIO DE JANEIRO/RJ;EQUINOR
SANTOS;86316030028; 7-BAC-3-SPS (PE-EO-105);6126.31;1;2;25/09/2023;RIO DE JANEIRO/RJ;EQUINOR
SANTOS;86316030028; 7-BAC-3-SPS (PE-EO-105);6129.20;1;2;25/09/2023;RIO DE JANEIRO/RJ;EQUINOR
SANTOS;86316030028; 7-BAC-3-SPS (PE-EO-105);6133.74;1;2;25/09/2023;RIO DE JANEIRO/RJ;EQUINOR
SANTOS;86316030028; 7-BAC-3-SPS (PE-EO-105);6138.20;1;2;25/09/2023;RIO DE JANEIRO/RJ;EQUINOR
SANTOS;86316030028; 7-BAC-3-SPS (PE-EO-105);6141.20;1;2;25/09/2023;RIO DE JANEIRO/RJ;EQUINOR
SANTOS;86316030028; 7-BAC-3-SPS (PE-EO-105);6146.64;2;2;25/09/2023;RIO DE JANEIRO/RJ;EQUINOR
SANTOS;86316030028; 7-BAC-3-SPS (PE-EO-105);6149.00;2;2;25/09/2023;RIO DE JANEIRO/RJ;EQUINOR
SANTOS;86316030028; 7-BAC-3-SPS (PE-EO-105);6150.21;2;2;25/09/2023;RIO DE JANEIRO/RJ;EQUINOR
SANTOS;86316030028; 7-BAC-3-SPS (PE-EO-105);6153.00;2;2;25/09/2023;RIO DE JANEIRO/RJ;EQUINOR
SANTOS;86316030028; 7-BAC-3-SPS (PE-EO-105);6158.87;2;2;25/09/2023;RIO DE JANEIRO/RJ;EQUINOR
SANTOS;86316030028; 7-BAC-3-SPS (PE-EO-105);6164.42;2;2;25/09/2023;RIO DE JANEIRO/RJ;EQUINOR
SANTOS;86316030028; 7-BAC-3-SPS (PE-EO-105);6171.04;2;2;25/09/2023;RIO DE JANEIRO/RJ;EQUINOR
SANTOS;86316030028; 7-BAC-3-SPS (PE-EO-105);6175.00;2;2;25/09/2023;RIO DE JANEIRO/RJ;EQUINOR
SANTOS;86316030028; 7-BAC-3-SPS (PE-EO-105);6176.00;2;2;25/09/2023;RIO DE JANEIRO/RJ;EQUINOR
SANTOS;86316030028; 7-BAC-3-SPS (PE-EO-105);6182.00;2;2;25/09/2023;RIO DE JANEIRO/RJ;EQUINOR
RECÔNCAVO TERRA;20240027563;7-MGP-105-BA;1939;1;1;19/07/2014;SIMÕES FILHO/BA;PETRORECÔNCAVO
RECÔNCAVO TERRA;20240027563;7-MGP-105-BA;1948;2;1;19/07/2014;SIMÕES FILHO/BA;PETRORECÔNCAVO
RECÔNCAVO TERRA;20240027563;7-MGP-105-BA;2173;5;1;19/07/2014;SIMÕES FILHO/BA;PETRORECÔNCAVO
RECÔNCAVO TERRA;20240027563;7-MGP-105-BA;2759;9;1;19/07/2014;SIMÕES FILHO/BA;PETRORECÔNCAVO
RECÔNCAVO TERRA;20240027563;7-MGP-105-BA;2768;10;1;19/07/2014;SIMÕES FILHO/BA;PETRORECÔNCAVO
RECÔNCAVO TERRA;20240027563;7-MGP-105-BA;2794;12;1;19/07/2014;SIMÕES FILHO/BA;PETRORECÔNCAVO
RECÔNCAVO TERRA;20240027563;7-MGP-105-BA;2806;13;1;19/07/2014;SIMÕES FILHO/BA;PETRORECÔNCAVO
RECÔNCAVO TERRA;20240027563;7-MGP-105-BA;2849;17;1;19/07/2014;SIMÕES FILHO/BA;PETRORECÔNCAVO
RECÔNCAVO TERRA;20240027563;7-MGP-105-BA;2870;18;1;19/07/2014;SIMÕES FILHO/BA;PETRORECÔNCAVO
RECÔNCAVO TERRA;20240027563;7-MGP-105-BA;2900;20;1;19/07/2014;SIMÕES FILHO/BA;PETRORECÔNCAVO
CAMPOS;34281025620;3-BP-4-ESS;4624 ??;2;4;27/11/2011;SÃO GONÇALO/RJ;PETRORIO
CAMPOS;74281021197;1-DEV-6-RJS;1955;;3;02/02/2005;SÃO GONÇALO/RJ;PETRORIO
CAMPOS;74281022057;1-DEV-9-RJS;648;;4;10/12/2006;SÃO GONÇALO/RJ;PETRORIO
CAMPOS;74281022057;1-DEV-9-RJS;2121;;5;10/12/2006;SÃO GONÇALO/RJ;PETRORIO
CAMPOS;74281022099;1-DEV-10-RJS;1253;;6;09/01/2007;SÃO GONÇALO/RJ;PETRORIO
CAMPOS;74281022099;1-DEV-10-RJS;2194;;5;09/01/2007;SÃO GONÇALO/RJ;PETRORIO
CAMPOS;74281021240;3-DEV-7-RJS;1534;;5;24/03/2005;SÃO GONÇALO/RJ;PETRORIO
