poco,cadastro,operador,poco_operador,estado,bacia,bloco,sig_campo,campo,terra_mar,poco_pos_anp,tipo,categoria,reclassificacao,situacao,inicio,termino,conclusao,latitude_base_4c,longitude_base_4c,latitude_base_dd,longitude_base_dd,datum_horizontal,tipo_de_coordenada_de_base,direcao,profundidade_vertical_m,profundidade_sondador_m,profundidade_medida_m,referencia_de_profundidade,mesa_rotativa,cota_altimetrica_m,lamina_d_agua_m,datum_vertical,unidade_estratigrafica,geologia_grupo_final,geologia_formacao_final,geologia_membro_final,cdpe,agp,pc,pag,perfis_convencionais,durante_perfuracao,perfis_digitais,perfis_processados,perfis_especiais,amostra_lateral,sismica,tabela_tempo_profundidade,dados_direcionais,teste_a_cabo,teste_de_formacao,canhoneio,testemunho,geoquimica,sig_sonda,nom_sonda,atingiu_presal,dha_atualizacao
7-CNC-47-ES,34270029643,Petrobras,7CNC47ES,ES,Espírito Santo,,CNC  ,CANCÃ,T,S,7,Desenvolvimento,PRODUTOR COMERCIAL DE PETRÓLEO,PRODUZINDO,27/10/2020,08/11/2020,13/05/2021,"-19:14:00,443","-39:50:49,631","-19,2334563888","-39,8471197222",SIRGAS2000,Definitiva,Vertical,"1000,5",1009,1009,MR,"8,41","3,26",0.0,NM,,Espírito Santo,Urucutuca,,Existe,,,,Existe,,,Existe,,,,,Existe,Existe,,Existe,,,EBS-08,EBS-08,I,01/01/2023
7-CNC-46-ES,34270029628,Petrobras,7CNC46ES,ES,Espírito Santo,,CNC  ,CANCÃ,T,S,7,Desenvolvimento,PRODUTOR COMERCIAL DE PETRÓLEO,ABANDONADO TEMPORARIAMENTE COM MONITORAMENTO,30/08/2020,06/09/2020,07/05/2021,"-19:13:45,655","-39:50:47,811","-19,2293486111","-39,8466141666",SIRGAS2000,Definitiva,Vertical,"-868,8",879,"877,2",MR,"8,38","3,23",0.0,NM,,Espírito Santo,Urucutuca,,Existe,,,,Existe,,,Existe,,,,,Existe,Existe,,Existe,,,EBS-08,EBS-08,I,01/01/2023
7-CNC-40-ES,34270029631,Petrobras,7CNC40ES,ES,Espírito Santo,,CNC  ,CANCÃ,T,S,7,Desenvolvimento,PRODUTOR COMERCIAL DE PETRÓLEO,ABANDONADO TEMPORARIAMENTE COM MONITORAMENTO,10/09/2020,16/09/2020,05/05/2021,"-19:13:46,500","-39:50:46,768","-19,2295833333","-39,8463244444",SIRGAS2000,Definitiva,Vertical,"-885,2",894,"893,7",MR,"8,41","3,26",0.0,NM,,Espírito Santo,Urucutuca,,Existe,,,,Existe,,,Existe,,,,,Existe,Existe,,Existe,,,EBS-08,EBS-08,I,01/01/2023
9-BUZ-48D-RJS,74316029635,Petrobras,9BUZ48DRJS,RJ,Santos,,BUZ  ,BÚZIOS,M,S,9,Especial,PRODUTOR COMERCIAL DE PETRÓLEO,EQUIPADO AGUARDANDO INÍCIO DE OPERAÇÃO,04/10/2020,13/12/2020,05/01/2021,"-24:35:45,108","-42:38:37,734","-24,5958633333","-42,643815",SIRGAS2000,Definitiva,Direcional,"-5932,4",6016,6016,MR,32,0,1850.0,NM,,Guaratiba,Barra Velha,,Existe,,,,Existe,Existe,,Existe,,Existe,Existe,Existe,Existe,Existe,,,,,NS-41,ODN I,S,01/01/2023
7-CNC-45D-ES,34270029632,Petrobras,7CNC45DES,ES,Espírito Santo,,CNC  ,CANCÃ,T,S,7,Desenvolvimento,PRODUTOR COMERCIAL DE PETRÓLEO,INJETANDO,21/09/2020,13/10/2020,26/06/2021,"-19:13:43,231","-39:50:44,551","-19,2286752777","-39,8457086111",SIRGAS2000,Definitiva,Direcional,-827,945,"899,7",MR,"8,41","3,26",0.0,NM,,Espírito Santo,Urucutuca,,Existe,,,,Existe,,,Existe,,,,,Existe,,,Existe,,,EBS-08,EBS-08,I,01/01/2023
1-BRSA-1377-RJS,74281029640,Petrobras,1RJS755,RJ,Campos,C-M-411,,,M,S,1,Pioneiro,,ABANDONADO PERMANENTEMENTE,20/10/2020,16/01/2021,24/02/2021,"-22:56:27,294","-39:22:28,263","-22,940915","-39,3745175",SIRGAS2000,Definitiva,Vertical,"-6729,3",6777,"6771,2",MR,25,,2958.0,NM,,Lagoa Feia,Macabu,,Existe,,Existe,Existe,Existe,Existe,,Existe,,Existe,Existe,Existe,Existe,Existe,,,,,NS-47,West Tellus,S,01/01/2023
8-BUZ-57D-RJS,74316029726,Petrobras,8-BUZ-57D-RJS,RJ,Santos,,BUZ  ,BÚZIOS,M,S,8,Injeção,INJEÇÃO DE ÁGUA,ABANDONADO TEMPORARIAMENTE SEM MONITORAMENTO,12/09/2021,19/11/2021,10/12/2021,"-24:37:01,097","-42:32:53,119","-24,6169713888","-42,5480886111",SIRGAS2000,Definitiva,Direcional,"-6128,2",6254,6254,MR,25,0,1892.0,NM,,Guaratiba,Itapema,,Existe,,,,,Existe,,Existe,,,,,Existe,,,,,,NS-38,ETESCO TAKATSUGU J,S,01/01/2023
8-BUZ-53i-RJS,74316029723,Petrobras,8-BUZ-53i-RJS,RJ,Santos,,BUZ  ,BÚZIOS,M,S,8,Injeção,ABANDONADO POR OUTRAS RAZÕES,ABANDONADO PERMANENTEMENTE,04/08/2021,11/08/2021,11/10/2021,"-24:46:05,315","-42:27:43,919","-24,7681430555","-42,4621997222",SIRGAS2000,Definitiva,Vertical,"-2919,6",2945,2945,MR,25,0,2035.0,NM,,Guaratiba,Ariri,,Existe,,,,,Existe,,Existe,,,,,Existe,,,,,,NS-31,PETROBRAS 10000,N,01/01/2023
1-ENV-22-MA,50090029728,Eneva,1-ENV-BL146C-MA,MA,Parnaíba,PN-T-146,,,T,S,1,Pioneiro,,ARRASADO,14/09/2021,19/09/2021,24/09/2021,"-07:17:28,057","-46:04:54,219","-7,2911269444","-46,0817275",SIRGAS2000,Definitiva,Vertical,"1418,3",1692,"1690,3",MR,272,266,,NM,,Canindé,Itaim,,Existe,,Existe,Existe,Existe,,,Existe,,Existe,,,Existe,Existe,,,,,GREAT120 (TUS 120),GREAT - 120,I,01/01/2023
7-MRO-17A-RJS,74316029725,Petrobras,7-MRO-17A-RJS,RJ,Santos,,MRO  ,MERO,M,S,7,Desenvolvimento,PRODUTOR COMERCIAL DE PETRÓLEO,ABANDONADO TEMPORARIAMENTE SEM MONITORAMENTO,07/09/2021,08/11/2021,26/11/2021,"-24:36:33,394","-42:14:04,462","-24,6092761111","-42,2345727777",SIRGAS2000,Definitiva,Vertical,"-5768,9",5790,5795,MR,25,0,1950.0,NM,,Guaratiba,Itapema,,Existe,,,,Existe,Existe,,Existe,,,,,Existe,Existe,,,,,NS-39,Deepwater Myconos,S,01/01/2023
7-GVTE-3D-MA,50090029751,Eneva,7-GVTE-3D-MA,MA,Parnaíba,,GVTE ,GAVIÃO TESOURA,T,S,7,Desenvolvimento,PRODUTOR COMERCIAL DE GÁS NATURAL,ABANDONADO TEMPORARIAMENTE SEM MONITORAMENTO,21/11/2021,28/11/2021,01/12/2021,"-04:20:58,141","-44:52:34,205","-4,3494836111","-44,8761680555",SIRGAS2000,Definitiva,Direcional,"1499,4",1860,"1859,3",MR,32,26,0.0,NM,,Canindé,Longá,,Existe,,,Existe,Existe,,,Existe,,,,,Existe,Existe,,,,,GREAT120 (TUS 120),GREAT - 120,I,01/01/2023
8-MRO-19-RJS,74316029740,Petrobras,8-MRO-19-RJS,RJ,Santos,,MRO  ,MERO,M,S,8,Injeção,ABANDONADO POR OUTRAS RAZÕES,ABANDONADO PERMANENTEMENTE,23/10/2021,03/11/2021,20/11/2021,"-24:39:04,066","-42:15:43,203","-24,6511294444","-42,2620008333",SIRGAS2000,Definitiva,Vertical,-3065,3090,3090,MR,25,0,1977.0,NM,,Guaratiba,Itapema,,Existe,,,,,Existe,,Existe,,,,,Existe,,,,,,"NS-39, NS-40","Deepwater Corcovado, Deepwater Myconos",N,01/01/2023
1-ENV-23-MA,50090029734,Eneva,1-ENV-BL163C-MA,MA,Parnaíba,PN-T-163,,,T,S,1,Pioneiro,,ARRASADO,28/09/2021,05/10/2021,10/10/2021,"-07:55:30,694","-46:10:59,281","-7,9251927777","-46,1831336111",SIRGAS2000,Definitiva,Vertical,"1924,8",2288,"2286,8",MR,362,356,,NM,,,Riachão,,Existe,,Existe,Existe,Existe,,,Existe,,Existe,,,Existe,Existe,,,,,GREAT120 (TUS 120),GREAT - 120,I,01/01/2023
7-RO-177DB-RJS,74281029731,Petrobras,7-RO-177DB-RJS,RJ,Campos,,RO   ,RONCADOR,M,S,7,Desenvolvimento,PRODUTOR COMERCIAL DE PETRÓLEO,ABANDONADO TEMPORARIAMENTE SEM MONITORAMENTO,06/09/2021,18/09/2021,24/10/2021,"-21:56:32,000","-39:42:22,377","-21,9422222222","-39,7062158333",SIRGAS2000,Definitiva,Direcional,"-3287,7",3358,3358,MR,32,0,1868.0,NM,,Campos,Carapebus,,Existe,,,,,Existe,,Existe,,,,,Existe,,,,,,NS-29,CAROLINA,N,01/01/2023
7-PTR-5D-RN,72100029739,Potiguar E&P S.A.,7PTR0005DRN,RN,Potiguar,,PTR  ,PATURI,T,S,7,Desenvolvimento,PRODUTOR COMERCIAL DE PETRÓLEO,PRODUZINDO,18/10/2021,21/10/2021,23/10/2021,"-05:20:10,810","-37:10:08,130","-5,3363361111","-37,168925",SIRGAS2000,Definitiva,Direcional,-1083,1207,"1198,7",MR,"5,2","76,6",0.0,NM,,Areia Branca,Pendência,,Existe,,,,,,,,,,,,,,,,,,PR-04,National Oilwell Varco - 750,I,01/01/2023
1-ENV-24D-MA,50090029737,Eneva,1-ENV-BL133AD-MA,MA,Parnaíba,PN-T-133,,,T,S,1,Pioneiro,,ARRASADO,16/10/2021,26/10/2021,29/10/2021,"-06:55:48,281","-44:50:46,121","-6,9300780555","-44,8461447222",SIRGAS2000,Definitiva,Direcional,"1584,5",2061,2061,MR,296,290,,NM,,Canindé,Itaim,,Existe,,Existe,Existe,Existe,,,Existe,,,,,Existe,Existe,,,,,GREAT120 (TUS 120),GREAT - 120,I,01/01/2023
7-SBO-11-RN,72100029755,Potiguar E&P S.A.,7SBO0011RN,RN,Potiguar,,SBO  ,SABIÁ BICO-DE-OSSO,T,S,7,Desenvolvimento,PRODUTOR COMERCIAL DE PETRÓLEO,PRODUZINDO,01/12/2021,02/12/2021,18/12/2021,"-05:28:26,031","-37:06:01,372","-5,4738975","-37,1003811111",SIRGAS2000,Definitiva,Vertical,"-439,44",566,566,MR,"126,6","121,4",0.0,NM,,Areia Branca,Pendência,,Existe,,,,,,,,,,,,,,,,,,PR-04,National Oilwell Varco - 750,I,01/01/2023
7-SAB-8-RN,72100029745,Potiguar E&P S.A.,7SAB0008RN,RN,Potiguar,SAB,SAB  ,SABIÁ,T,S,7,Desenvolvimento,PRODUTOR COMERCIAL DE PETRÓLEO,PRODUZINDO,08/11/2021,09/11/2021,30/11/2021,"-05:28:53,870","-37:07:52,960","-5,4816305555","-37,1313777777",SIRGAS2000,Definitiva,Vertical,"-470,6",599,599,MR,"129,41","124,23",0.0,NM,,Areia Branca,Pendência,,Existe,,,,,,,,,,,,,,,,,,PR-04,National Oilwell Varco - 750,I,01/01/2023
1-ENV-26-MA,50090029744,Eneva,1-ENV-BL102AA-MA,MA,Parnaíba,PN-T-102A,,,T,S,1,Pioneiro,,ABANDONADO TEMPORARIAMENTE SEM MONITORAMENTO,03/11/2021,12/11/2021,16/11/2021,"-05:38:19,772","-44:13:26,624","-5,6388255555","-44,2240622222",SIRGAS2000,Definitiva,Vertical,-1545,1761,1758,MR,213,207,,NM,,Canindé,Pimenteiras,,Existe,,Existe,Existe,Existe,,,Existe,,,,,Existe,Existe,Existe,,,,GREAT120 (TUS 120),GREAT - 120,I,01/01/2023
1-ENV-25D-AM,14030029741,Eneva,1-ENV-EXTANEBA D-AM,AM,Amazonas,AM-T-84,,,T,S,1,Pioneiro,,ABANDONADO TEMPORARIAMENTE SEM MONITORAMENTO,24/10/2021,13/11/2021,23/11/2021,"-02:49:56,764","-58:31:16,084","-2,8324344444","-58,5211344444",SIRGAS2000,Definitiva,Direcional,-1942,2151,2153,MR,59,51,,NM,,Curuá,Oriximiná,,Existe,,Existe,Existe,Existe,,,Existe,,,,,Existe,Existe,,,,,QG VIII,Queiroz Galvão VIII,I,01/01/2023
7-SBO-12-RN,72100029757,Potiguar E&P S.A.,7SBO0012RN,RN,Potiguar,,SBO  ,SABIÁ BICO-DE-OSSO,T,S,7,Desenvolvimento,PRODUTOR COMERCIAL DE PETRÓLEO,PRODUZINDO,07/12/2021,09/12/2021,23/12/2021,"-05:28:35,620","-37:06:05,510","-5,4765611111","-37,1015305555",SIRGAS2000,Definitiva,Vertical,"-423,26",550,550,MR,"126,6","121,4",0.0,NM,,Areia Branca,Pendência,,Existe,,,,,,,,,,,,,,,,,,PR-04,National Oilwell Varco - 750,I,01/01/2023
7-SAB-9-RN,72100029747,Potiguar E&P S.A.,7SAB0009RN,RN,Potiguar,SAB,SAB  ,SABIÁ,T,S,7,Desenvolvimento,PRODUTOR COMERCIAL DE PETRÓLEO,PRODUZINDO,15/11/2021,16/11/2021,17/11/2021,"-05:28:59,460","-37:08:01,230","-5,4831833333","-37,133675",SIRGAS2000,Definitiva,Vertical,"455,08",585,585,MR,"129,25","124,1",0.0,NM,,Areia Branca,Pendência,,Existe,,,,,,,,,,,,,,,,,,PR-04,National Oilwell Varco - 750,I,01/01/2023
7-GVTE-2D-MA,50090029756,Eneva,7-GVTE-2D-MA,MA,Parnaíba,,GVTE ,GAVIÃO TESOURA,T,S,7,Desenvolvimento,PRODUTOR COMERCIAL DE GÁS NATURAL,ABANDONADO TEMPORARIAMENTE SEM MONITORAMENTO,05/12/2021,12/12/2021,16/12/2021,"-04:20:44,616","-44:51:44,339","-4,3457266666","-44,8623163888",SIRGAS2000,Definitiva,Direcional,1515,1879,1877,MR,41,35,0.0,NM,,Canindé,Longá,,Existe,,,Existe,Existe,,,Existe,,Existe,,,Existe,Existe,,,,,GREAT120 (TUS 120),GREAT - 120,I,01/01/2023
7-PRG-72HP-RJS,74281029749,Equinor Brasil,BMC7A19A,RJ,Campos,,PRG  ,PEREGRINO,M,S,7,Desenvolvimento,INDEFINIDO,PRODUZINDO,17/11/2021,08/12/2021,26/12/2021,"-23:20:04,024","-41:17:54,501","-23,3344511111","-41,2984725",SIRGAS2000,Definitiva,Horizontal,2320,5302,5302,MR,50,0,106.0,NM,,Campos,Carapebus,,Existe,,,,,Existe,,Existe,,,,,Existe,,,,,,DR-A,DRILLINGRIG-A,N,01/01/2023
7-SBO-17-RN,72100029761,Potiguar E&P S.A.,7SBO0017RN,RN,Potiguar,,SBO  ,SABIÁ BICO-DE-OSSO,T,S,7,Desenvolvimento,PRODUTOR COMERCIAL DE PETRÓLEO,PRODUZINDO,13/12/2021,15/12/2021,16/12/2021,"-05:28:56,240","-37:07:11,620","-5,4822888888","-37,1198944444",SIRGAS2000,Definitiva,Vertical,-404,535,535,MR,"131,19","126,01",0.0,NM,,Areia Branca,Pendência,,Existe,,,,,,,,,,,,,,,,,,PR-04,National Oilwell Varco - 750,I,01/01/2023
7-JUB-62D-ESS,34281029760,Petrobras,7-JUB-62D-ESS,ES,Campos,,JUB  ,JUBARTE,M,S,7,Desenvolvimento,ABANDONADO POR OUTRAS RAZÕES,ABANDONADO PERMANENTEMENTE,11/12/2021,,12/12/2021,"-21:15:33,400","-40:00:52,349","-21,2592777777","-40,0145413888",SIRGAS2000,Definitiva,Direcional,1409,1409,1409,MR,23,0,1343.0,NM,,Lagoa Feia,Coqueiros,,,,,,,,,,,,,,,,,,,,"NS-33, SS-79","LONE STAR, NORBE IX",I,01/01/2023
8-BUZ-56DA-RJS,74316029764,Petrobras,8-BUZ-56DA-RJS,RJ,Santos,,BUZ  ,BÚZIOS,M,S,8,Injeção,ABANDONADO POR OUTRAS RAZÕES,ABANDONADO PERMANENTEMENTE,11/12/2021,17/12/2021,17/12/2021,"-24:34:27,170","-42:34:27,296","-24,5742138888","-42,5742488888",SIRGAS2000,Definitiva,Direcional,"-2850,8",2876,2876,MR,25,0,1819.0,NM,,Guaratiba,Piçarras,,,,,,,Existe,,Existe,,,,,Existe,,,,,,NS-38,ETESCO TAKATSUGU J,S,01/01/2023
8-MRO-13D-RJS,74316029683,Petrobras,8MRO13DRJS,RJ,Santos,,MRO  ,MERO,M,S,8,Injeção,INJEÇÃO DE ÁGUA,ABANDONADO TEMPORARIAMENTE SEM MONITORAMENTO,11/04/2021,19/05/2021,06/06/2021,"-24:33:39,204","-42:13:47,615","-24,56089","-42,2298930555",SIRGAS2000,Definitiva,Direcional,-6000,6272,6273,MR,25,0,1900.0,NM,,Guaratiba,Itapema,,Existe,,,,Existe,Existe,,Existe,,Existe,,,Existe,,,,,,NS-39,Deepwater Myconos,S,01/01/2023
7-SDR-5-ES,34270029680,BGM,7-SDR-5,ES,Espírito Santo,,SDR  ,SUINDARA,T,S,7,Desenvolvimento,INDEFINIDO,PRODUZINDO,05/04/2021,17/04/2021,17/04/2021,"-19:11:41,970","-39:50:17,150","-19,1949916666","-39,8380972222",SIRGAS2000,Definitiva,Vertical,-855,866,866,MR,"10,6","4,6",0.0,NM,,Barra Nova,Regência,,Existe,,,Existe,Existe,,,,,,,Existe,,,,,,,CW-02,Cowan-02,I,01/01/2023
1-ENV-18-MA,50090029691,Eneva,1-ENV-BL69O-MA,MA,Parnaíba,PN-T-69,,,T,S,1,Pioneiro,,ARRASADO,18/05/2021,03/06/2021,09/06/2021,"-04:36:39,233","-43:48:16,982","-4,6108980555","-43,8047172222",SIRGAS2000,Definitiva,Vertical,2382,2499,2499,MR,117,111,,NM,,Canindé,Cabeças,,,,Existe,Existe,Existe,,,Existe,,Existe,,,Existe,Existe,,,,,GREAT120 (TUS 120),GREAT - 120,I,01/01/2023
1-IMET-28-ES,34270029682,Capixaba Energia,1-SIN-1-ES,ES,Espírito Santo,ES-T-441,,,T,S,1,Pioneiro,,ABANDONADO TEMPORARIAMENTE SEM MONITORAMENTO,18/04/2021,01/05/2021,08/05/2021,"-19:03:39,371","-39:51:51,763","-19,0609363888","-39,8643786111",SIRGAS2000,Definitiva,Vertical,"-1179,22",1200,"1195,27",MR,"16,05","11,05",,NM,,Espírito Santo,Urucutuca,,Existe,,Existe,Existe,Existe,,,Existe,Existe,,,,Existe,Existe,,,,,IME-01,IMETAME_ENERGIA_01,I,01/01/2023
7-RE-58-RN,72100029693,3R Areia,7-RE-58-RN,RN,Potiguar,,RE   ,REDONDA,T,S,7,Desenvolvimento,PRODUTOR COMERCIAL DE PETRÓLEO,PRODUZINDO,20/05/2021,15/06/2021,01/07/2021,"-04:56:56,902","-37:00:05,160","-4,9491394444","-37,0014333333",SIRGAS2000,Definitiva,Vertical,1421,1471,"1469,2",MR,50,"46,25",0.0,NM,,,Embasamento,,Existe,,,,Existe,,,,,,,,,,Existe,,,,ALT-107,ALT-107,I,01/01/2023
7-SDR-6-ES,34270029685,BGM,7-SDR-6-ES,ES,Espírito Santo,,SDR  ,SUINDARA,T,S,7,Desenvolvimento,INDEFINIDO,ABANDONADO TEMPORARIAMENTE COM MONITORAMENTO,23/04/2021,07/05/2021,07/05/2021,"-19:11:38,150","-39:50:20,220","-19,1939305555","-39,83895",SIRGAS2000,Definitiva,Vertical,-871,882,882,MR,"10,6","4,6",0.0,NM,,Barra Nova,Regência,,Existe,,,Existe,Existe,,,,,,,,,,,,,,CW-02,Cowan-02,I,01/01/2023
9-BUZ-54-RJS,74316029697,Petrobras,9-BUZ-54-RJS,RJ,Santos,,BUZ  ,BÚZIOS,M,S,9,Especial,INJEÇÃO DE ÁGUA,ABANDONADO TEMPORARIAMENTE COM MONITORAMENTO,22/05/2021,30/08/2021,27/09/2021,"-24:43:53,680","-42:24:56,082","-24,7315777777","-42,4155783333",SIRGAS2000,Definitiva,Vertical,"6275,5",6276,6276,MR,25,0,2050.0,NM,,Guaratiba,Itapema,,Existe,,,,Existe,Existe,,Existe,,Existe,,,Existe,Existe,,,,,NS-38,ETESCO TAKATSUGU J,S,01/01/2023
9-BUZ-49A-RJS,74316029686,Petrobras,9BUZ49ARJS,RJ,Santos,,BUZ  ,BÚZIOS,M,S,9,Especial,INJEÇÃO DE ÁGUA,ABANDONADO TEMPORARIAMENTE COM MONITORAMENTO,27/04/2021,02/05/2021,18/05/2021,"-24:32:15,742","-42:34:03,859","-24,5377061111","-42,5677386111",SIRGAS2000,Definitiva,Vertical,-6360,6385,6385,MR,25,0,1727.0,NM,,Guaratiba,Barra Velha,,Existe,,,,Existe,Existe,,Existe,,Existe,,,Existe,Existe,,,,,SS-73,GOLD STAR,S,01/01/2023
7-AB-136D-RJS,74281029688,Petrobras,7-AB-136D-RJS,RJ,Campos,,AB   ,ALBACORA,M,S,7,Desenvolvimento,PRODUTOR COMERCIAL DE PETRÓLEO,EQUIPADO AGUARDANDO INÍCIO DE OPERAÇÃO,02/05/2021,16/06/2021,04/07/2021,"-22:07:14,773","-39:55:09,120","-22,1207702777","-39,9192",SIRGAS2000,Definitiva,Direcional,-2645,2781,2782,MR,24,0,563.0,NM,,Campos,Ubatuba,Geribá,Existe,,,,Existe,Existe,,Existe,,,,,Existe,Existe,,,,,SS-81,NORBE VI,N,01/01/2023
8-SBBG-3D-RJS,74316029690,Petrobras,8-SBBG-3D-RJS,RJ,Santos,,SBBG ,SUL DE BERBIGÃO,M,S,8,Injeção,INJEÇÃO DE GÁS NATURAL,INJETANDO,09/05/2021,16/06/2021,11/07/2021,"-25:04:40,074","-42:38:46,376","-25,0777983333","-42,6462155555",SIRGAS2000,Definitiva,Direcional,"-5656,6",6282,6282,MR,31,0,2295.0,NM,,,,,Existe,,,,,Existe,,Existe,,,,,Existe,,,,,,NS-42,ODN II,S,01/01/2023
7-GVBL-1D-MA,50090029710,Eneva,7-GVBL-1D-MA,MA,Parnaíba,,GVBL ,GAVIÃO BELO,T,S,7,Desenvolvimento,PRODUTOR COMERCIAL DE GÁS NATURAL,ABANDONADO TEMPORARIAMENTE SEM MONITORAMENTO,18/07/2021,28/07/2021,28/07/2021,"-05:41:55,020","-44:07:22,739","-5,6986166666","-44,1229830555",SIRGAS2000,Definitiva,Direcional,"1344,6",1930,1929,MR,193,187,0.0,NM,,Canindé,Pimenteiras,,,,,Existe,Existe,,,Existe,,,,,Existe,,,,,,GREAT120 (TUS 120),GREAT - 120,I,01/01/2023
7-RO-176H-RJS,74281029699,Petrobras,7-RO-176H-RJS,RJ,Campos,,RO   ,RONCADOR,M,S,7,Desenvolvimento,PRODUTOR COMERCIAL DE PETRÓLEO,EQUIPADO AGUARDANDO INÍCIO DE OPERAÇÃO,24/08/2021,16/11/2021,12/12/2021,"-21:58:19,258","-39:44:00,951","-21,9720161111","-39,7335975",SIRGAS2000,Definitiva,Horizontal,3236,4365,4365,MR,32,0,1816.0,NM,,Campos,Carapebus,,Existe,,,,,Existe,,Existe,,,,,Existe,,,,,,NS-29,CAROLINA,N,01/01/2023
7-TUP-121D-RJS,74316029694,Petrobras,7-TUP-121D-RJS,RJ,Santos,,TUP  ,TUPI,M,S,7,Desenvolvimento,ABANDONADO POR OUTRAS RAZÕES,ABANDONADO PERMANENTEMENTE,22/05/2021,28/05/2021,07/06/2021,"-25:09:32,654","-42:55:32,559","-25,1590705555","-42,9257108333",SIRGAS2000,Definitiva,Direcional,3341,3341,3341,MR,25,0,2248.0,NM,,Guaratiba,Barra Velha,,Existe,,,,,Existe,,Existe,,,,,Existe,,,,,,NS-43,AMARALINA STAR,N,01/01/2023
1-BRSA-1380D-RJS,74281029692,Petrobras,1-RJS-757D,RJ,Campos,C-M-346,,,M,S,1,Pioneiro,,ABANDONADO PERMANENTEMENTE,22/05/2021,01/08/2021,27/08/2021,"-22:38:41,304","-39:08:00,641","-22,6448066666","-39,1335113888",SIRGAS2000,Definitiva,Direcional,"-6693,8",6933,6937,MR,25,,2852.0,NM,,Lagoa Feia,Macabu,,Existe,,Existe,Existe,Existe,Existe,,Existe,,Existe,Existe,Existe,Existe,Existe,,,,,NS-47,West Tellus,S,01/01/2023
7-RO-175H-RJS,74281029695,Petrobras,7-RO-175H-RJS,RJ,Campos,,RO   ,RONCADOR,M,S,7,Desenvolvimento,PRODUTOR COMERCIAL DE PETRÓLEO,PRODUZINDO,26/05/2021,06/08/2021,20/08/2021,"-21:57:40,248","-39:45:02,152","-21,96118","-39,7505977777",SIRGAS2000,Definitiva,Horizontal,"-3040,9",3874,3874,MR,32,0,1781.0,NM,,Campos,Carapebus,,Existe,,,,,Existe,,Existe,,,,,Existe,,,,,,NS-29,CAROLINA,N,01/01/2023
7-BUZ-50D-RJS,74316029660,Petrobras,7BUZ50DRJS,RJ,Santos,,BUZ  ,BÚZIOS,M,S,7,Desenvolvimento,PRODUTOR COMERCIAL DE PETRÓLEO,ABANDONADO TEMPORARIAMENTE COM MONITORAMENTO,23/12/2020,16/02/2021,06/03/2021,"-24:34:02,942","-42:33:23,772","-24,5674838888","-42,5566033333",SIRGAS2000,Definitiva,Direcional,"-5710,22",5827,5827,MR,25,0,1804.0,NM,,Guaratiba,Barra Velha,,Existe,,,,Existe,Existe,,Existe,,Existe,,,Existe,Existe,,,,,NS-31,PETROBRAS 10000,S,01/01/2023
8-BUZ-51-RJS,74316029666,Petrobras,8BUZ51RJS,RJ,Santos,,BUZ  ,BÚZIOS,M,S,8,Injeção,INJEÇÃO DE ÁGUA,ABANDONADO TEMPORARIAMENTE SEM MONITORAMENTO,23/01/2021,24/04/2021,26/05/2021,"-24:36:35,226","-42:30:42,189","-24,609785","-42,5117191666",SIRGAS2000,Definitiva,Vertical,"-5989,4",6022,6022,MR,32,0,1917.0,NM,,Guaratiba,Itapema,,Existe,,,,Existe,Existe,,Existe,,,,,Existe,Existe,,,,,NS-38,ETESCO TAKATSUGU J,S,01/01/2023
8-MRO-12A-RJS,74316029661,Petrobras,8MRO12ARJS,RJ,Santos,,MRO  ,MERO,M,S,8,Injeção,INJEÇÃO DE GÁS NATURAL,INJETANDO,27/12/2020,08/02/2021,22/02/2021,"-24:34:11,065","-42:13:17,073","-24,5697402777","-42,2214091666",SIRGAS2000,Definitiva,Vertical,"-5801,9",5835,5835,MR,25,0,1943.0,NM,,Guaratiba,Itapema,,Existe,,,,Existe,Existe,,Existe,,Existe,,,Existe,Existe,,,,,NS-39,Deepwater Myconos,S,01/01/2023
7-JUB-61D-ESS,34281029681,Petrobras,7JUB61DESS,ES,Campos,,JUB  ,JUBARTE,M,S,7,Desenvolvimento,PRODUTOR COMERCIAL DE PETRÓLEO,FECHADO,30/03/2021,22/10/2021,31/12/2021,"-21:14:30,112","-39:58:39,672","-21,2416977777","-39,9776866666",SIRGAS2000,Definitiva,Direcional,4680,4760,4760,MR,31,0,1428.0,NM,,Lagoa Feia,Coqueiros,,Existe,,,,Existe,Existe,,Existe,,,,,Existe,Existe,,,,,SS-81,NORBE VI,S,01/01/2023
7-TIE-3DA-BA,20240029663,Maha Energy,7TIE3DABA,BA,Recôncavo,,TIE  ,TIÊ,T,S,7,Desenvolvimento,INDEFINIDO,ABANDONADO PERMANENTEMENTE,07/12/2020,04/02/2021,28/03/2021,"-12:21:43,709","-38:16:44,677","-12,3621413888","-38,2790769444",SIRGAS2000,Definitiva,Direcional,"1646,3",1831,1831,MR,"87,39","79,54",0.0,NM,,Brotas,Sergi,,Existe,,,,,,,,,,,,,,,,,,FV-2,FAXE-2,I,01/01/2023
1-BRSA-1378-RJS,74281029673,Petrobras,1RJS756,RJ,Campos,C-M-709,,,M,S,1,Pioneiro,,ABANDONADO PERMANENTEMENTE,26/02/2021,07/05/2021,20/05/2021,"-24:06:42,722","-40:30:28,967","-24,1118672222","-40,5080463888",SIRGAS2000,Definitiva,Vertical,-4888,4913,4913,MR,25,,2847.0,NM,,Lagoa Feia,Macabu,,Existe,,Existe,Existe,Existe,Existe,,Existe,,Existe,,,Existe,Existe,,,,,NS-47,West Tellus,S,01/01/2023
1-EMEB-2-RJS,74316029717,ExxonMobil Brasil,Titã-1,RJ,Santos,TITA,,,M,S,1,Pioneiro,,ABANDONADO PERMANENTEMENTE,15/08/2021,23/10/2021,08/11/2021,"-24:41:30,379","-41:02:21,393","-24,6917719444","-41,0392758333",SIRGAS2000,Definitiva,Vertical,4940,4970,"4962,6",MR,25,2644,2644.0,NM,,Guaratiba,Camboriú,,Existe,,Existe,Existe,Existe,Existe,,Existe,,Existe,,,Existe,Existe,,,,,WSA,West Saturn,S,01/01/2023
1-EMEB-1A-RJS,74281029667,ExxonMobil Brasil,Opal-1A,RJ,Campos,C-M-789,,,M,S,1,Pioneiro,,ABANDONADO PERMANENTEMENTE,09/02/2021,18/07/2021,06/08/2021,"-24:39:17,028","-40:53:42,783","-24,65473","-40,8952175",SIRGAS2000,Definitiva,Vertical,5636,5636,5636,MR,25,2678,2678.0,NM,,,Cabiúnas,,Existe,,Existe,Existe,Existe,Existe,,Existe,,Existe,,,Existe,Existe,,,,,WSA,West Saturn,S,01/01/2023
7-RIP-3A-ES,34270029668,Imetame,7-TAL-1A-ES,ES,Espírito Santo,,RIP  ,RIO IPIRANGA,T,S,7,Desenvolvimento,PRODUTOR COMERCIAL DE GÁS NATURAL E CONDENSADO,PRODUZINDO,28/11/2020,19/04/2021,03/04/2021,"-19:19:38,922","-39:45:35,178","-19,3274783333","-39,7597716666",SIRGAS2000,Definitiva,Vertical,"2693,56",2700,"2657,56",MR,"6,44","1,44",0.0,NM,,Barra Nova,São Mateus,,Existe,,,Existe,Existe,,,Existe,,,,,Existe,,Existe,Existe,,,IME-01,IMETAME_ENERGIA_01,I,01/01/2023
7-RO-173H-RJS,74281029669,Petrobras,7RO173HRJS,RJ,Campos,,RO   ,RONCADOR,M,S,7,Desenvolvimento,PRODUTOR COMERCIAL DE PETRÓLEO,PRODUZINDO,15/02/2021,29/03/2021,15/04/2021,"-21:57:28,951","-39:46:14,993","-21,9580419444","-39,7708313888",SIRGAS2000,Definitiva,Horizontal,-3060,4136,4136,MR,32,0,1696.0,NM,,Campos,Carapebus,,Existe,,,,,Existe,,Existe,,,,,Existe,,,,,,NS-29,CAROLINA,N,01/01/2023
7-RO-174H-RJS,74281029671,Petrobras,7RO174HRJS,RJ,Campos,,RO   ,RONCADOR,M,S,7,Desenvolvimento,PRODUTOR COMERCIAL DE PETRÓLEO,PRODUZINDO,23/02/2021,05/05/2021,24/05/2021,"-21:58:15,536","-39:45:58,369","-21,9709822222","-39,7662136111",SIRGAS2000,Definitiva,Horizontal,-2960,3590,3590,MR,32,0,1728.0,NM,,Campos,Carapebus,,Existe,,,,,Existe,,Existe,,,,,Existe,,,,,,NS-29,CAROLINA,N,01/01/2023
8-MRO-14D-RJS,74316029672,Petrobras,8MRO14DRJS,RJ,Santos,,MRO  ,MERO,M,S,8,Injeção,INJEÇÃO DE ÁGUA,EQUIPADO AGUARDANDO INÍCIO DE OPERAÇÃO,24/02/2021,29/06/2021,01/08/2021,"-24:34:14,845","-42:14:58,522","-24,5707902777","-42,2495894444",SIRGAS2000,Definitiva,Direcional,"-5976,2",6111,6118,MR,25,0,1900.0,NM,,Guaratiba,Itapema,,Existe,,,,Existe,Existe,,Existe,,Existe,,,Existe,Existe,,,,,NS-40,Deepwater Corcovado,S,01/01/2023
7-SDR-4-ES,34270029674,BGM,7-SDR-4-ES,ES,Espírito Santo,,SDR  ,SUINDARA,T,S,7,Desenvolvimento,INDEFINIDO,PRODUZINDO,02/03/2021,28/03/2021,28/03/2021,"-19:11:42,870","-39:50:13,770","-19,1952416666","-39,8371583333",SIRGAS2000,Definitiva,Vertical,-880,891,891,MR,"10,6","4,6",0.0,NM,,Barra Nova,Regência,,Existe,,,Existe,Existe,,,,,,,Existe,,,,,,,CW-02,Cowan-02,I,01/01/2023
9-POL-46D-RJS,74281029677,Petro Rio O&G,POL-K,RJ,Campos,,POL  ,POLVO,M,S,9,Especial,INDEFINIDO,FECHADO,17/03/2021,18/04/2021,03/05/2021,"-23:05:01,886","-40:59:43,171","-23,0838572222","-40,9953252777",SIRGAS2000,Definitiva,Direcional,"-1539,17","5957,67","5957,67",MR,"41,2",0,103.0,NM,,Campos,Emboré,São Tomé,Existe,,Existe,Existe,,Existe,,Existe,,,,,Existe,,,,,,DEAL-1,DEAL-1,N,01/01/2023
9-BUZ-52-RJS,74316029684,Petrobras,9BUZ52RJS,RJ,Santos,,BUZ  ,BÚZIOS,M,S,9,Especial,INJEÇÃO DE ÁGUA,ABANDONADO TEMPORARIAMENTE COM MONITORAMENTO,06/05/2021,15/06/2021,15/07/2021,"-24:33:25,662","-42:27:00,911","-24,5571283333","-42,4502530555",SIRGAS2000,Definitiva,Vertical,6181,"6182,5",6182,MR,32,0,1859.0,NM,,Guaratiba,Piçarras,,,,,,Existe,Existe,,Existe,,Existe,,,Existe,Existe,,,,,NS-32,NORBE VIII,S,01/01/2023
1-BRSA-1379D-ESS,34271029679,Petrobras,1ESS227D,ES,Espírito Santo,ES-M-669,,,M,S,1,Pioneiro,,ABANDONADO PERMANENTEMENTE,06/04/2021,19/07/2021,16/08/2021,"-20:39:28,296","-38:54:01,741","-20,65786","-38,9004836111",SIRGAS2000,Definitiva,Direcional,"-7559,5",7699,7699,MR,25,,2369.0,NM,,Nativo,Mariricu,Mucuri,Existe,,Existe,Existe,Existe,Existe,,Existe,,Existe,Existe,Existe,Existe,Existe,,,,,NS-45,Brava Star,S,01/01/2023
7-TIE-3DB-BA,20240029676,Maha Energy,7TIE3DBBA,BA,Recôncavo,,TIE  ,TIÊ,T,S,7,Desenvolvimento,INDEFINIDO,INJETANDO,07/12/2020,17/03/2021,28/03/2021,"-12:21:43,709","-38:16:44,677","-12,3621413888","-38,2790769444",SIRGAS2000,Definitiva,Direcional,"2130,42",2336,2336,MR,"87,39","79,54",0.0,NM,,Brotas,Sergi,,Existe,,,,,,,,,,,,,,,,,,FV-2,FAXE-2,I,01/01/2023
7-CNC-48-ES,34270029649,Petrobras,7CNC48ES,ES,Espírito Santo,,CNC  ,CANCÃ,T,S,7,Desenvolvimento,PRODUTOR COMERCIAL DE PETRÓLEO,PRODUZINDO,20/11/2020,25/11/2020,25/07/2021,"-19:13:44,075","-39:50:43,511","-19,2289097222","-39,8454197222",SIRGAS2000,Definitiva,Vertical,"-892,7",903,"901,4",MR,"8,4","3,25",0.0,NM,,Barra Nova,São Mateus,,Existe,,,,Existe,,,Existe,,,,,Existe,Existe,,Existe,,,EBS-08,EBS-08,I,01/01/2023
7-BE-37D-RN,72100029733,Potiguar E&P S.A.,BEDW08D,RN,Potiguar,,BE   ,BOA ESPERANÇA,T,S,7,Desenvolvimento,PRODUTOR COMERCIAL DE PETRÓLEO,PRODUZINDO,25/09/2021,06/10/2021,10/10/2021,"-05:29:01,430","-37:37:45,600","-5,4837305555","-37,6293333333",SIRGAS2000,Definitiva,Direcional,"1737,04",2164,2164,MR,"5,2","86,8",0.0,NM,,Areia Branca,Pendência,,Existe,,,,,,,,,,,,,,,,,,PR-04,National Oilwell Varco - 750,I,01/01/2023
7-BE-35D-RN,72100029658,Potiguar E&P S.A.,BEDW11D,RN,Potiguar,,BE   ,BOA ESPERANÇA,T,S,7,Desenvolvimento,ABANDONADO POR OUTRAS RAZÕES,ABANDONADO PERMANENTEMENTE,20/12/2020,13/01/2021,13/01/2021,"-05:29:01,270","-37:37:47,190","-5,4836861111","-37,629775",SIRGAS2000,Definitiva,Direcional,0,884,0,MR,"92,18",87,0.0,NM,,Areia Branca,Pendência,,Existe,,,,,,,,,,,,,,,,,,PR-04,National Oilwell Varco - 750,I,01/01/2023
7-BE-34D-RN,72100029653,Potiguar E&P S.A.,BEDW12D,RN,Potiguar,,BE   ,BOA ESPERANÇA,T,S,7,Desenvolvimento,INDEFINIDO,PRODUZINDO,07/12/2020,17/07/2021,16/08/2021,"-05:29:01,710","-37:37:46,260","-5,4838083333","-37,6295166666",SIRGAS2000,Definitiva,Direcional,"998,8",1091,1091,MR,"92,2",82,0.0,NM,,Areia Branca,Pendência,,Existe,,,,,,,,,,,,,,,,,,PR-04,National Oilwell Varco - 750,I,01/01/2023
9-BUZ-49-RJS,74316029664,Petrobras,9BUZ49RJS,RJ,Santos,,BUZ  ,BÚZIOS,M,S,9,Especial,ABANDONADO POR OUTRAS RAZÕES,ABANDONADO PERMANENTEMENTE,24/01/2021,22/03/2021,26/04/2021,"-24:32:15,742","-42:34:03,859","-24,5377061111","-42,5677386111",SIRGAS2000,Definitiva,Vertical,-6201,6226,6226,MR,25,0,1727.0,NM,,Guaratiba,Barra Velha,,Existe,,,,Existe,Existe,,Existe,,Existe,Existe,,Existe,Existe,,,,,SS-73,GOLD STAR,S,01/01/2023
9-RO-172D-RJS,74281029659,Petrobras,9RO172DRJS,RJ,Campos,,RO   ,RONCADOR,M,S,9,Especial,PRODUTOR COMERCIAL DE PETRÓLEO,ABANDONADO TEMPORARIAMENTE SEM MONITORAMENTO,19/12/2020,01/02/2021,17/03/2021,"-21:57:34,380","-39:44:22,236","-21,95955","-39,73951",SIRGAS2000,Definitiva,Direcional,"4242,6",4567,4567,MR,23,0,1808.0,NM,,,Macaé,Quissamã,Existe,,,,Existe,Existe,,Existe,,Existe,Existe,,Existe,Existe,,,,,SS-79,LONE STAR,S,01/01/2023
7-RIP-3-ES,34270029651,Imetame,7-TAL-1-ES,ES,Espírito Santo,,RIP  ,RIO IPIRANGA,T,S,7,Desenvolvimento,ABANDONADO POR OUTRAS RAZÕES,ABANDONADO TEMPORARIAMENTE COM MONITORAMENTO,28/11/2020,02/02/2021,02/02/2021,"-19:19:38,922","-39:45:35,178","-19,3274783333","-39,7597716666",SIRGAS2000,Definitiva,Vertical,"1948,56",1955,1955,MR,"6,44","1,44",0.0,NM,,Barra Nova,São Mateus,,Existe,,,,,,,,,,,,,,,,,,IME-01,IMETAME_ENERGIA_01,I,01/01/2023
7-MRO-6DB-RJS,74316029648,Petrobras,7MRO6DBRJS,RJ,Santos,LIBRA,MRO  ,MERO,M,S,7,Desenvolvimento,PRODUTOR COMERCIAL DE PETRÓLEO,PRODUZINDO,18/11/2020,23/01/2021,23/02/2021,"-24:34:45,271","-42:14:13,305","-24,5792419444","-42,2370291666",SIRGAS2000,Definitiva,Direcional,"-5656,8",5682,5687,MR,25,0,1957.0,NM,,Guaratiba,Itapema,,Existe,,,,Existe,Existe,,Existe,,,,,Existe,,,,,,NS-47,West Tellus,S,01/01/2023
7-TIE-3D-BA,20240029657,Maha Energy,7TIE3DBA,BA,Recôncavo,,TIE  ,TIÊ,T,S,7,Desenvolvimento,INDEFINIDO,ABANDONADO PERMANENTEMENTE,07/12/2020,28/12/2020,28/03/2021,"-12:21:43,709","-38:16:44,677","-12,3621413888","-38,2790769444",SIRGAS2000,Definitiva,Direcional,"544,56",632,632,MR,"87,39","79,54",0.0,NM,,Brotas,Sergi,,Existe,,,,,,,,,,,,,,,,,,FV-2,FAXE-2,I,01/01/2023
8-MRO-11-RJS,74316029670,Petrobras,8MRO11RJS,RJ,Santos,,MRO  ,MERO,M,S,8,Injeção,INJEÇÃO DE ÁGUA,EQUIPADO AGUARDANDO INÍCIO DE OPERAÇÃO,23/02/2021,25/03/2021,10/04/2021,"-24:35:52,267","-42:12:08,711","-24,5978519444","-42,2024197222",SIRGAS2000,Definitiva,Vertical,"-5614,2",5634,5640,MR,25,0,2004.0,NM,,Guaratiba,Itapema,,Existe,,,,Existe,Existe,,Existe,,,,,Existe,Existe,,,,,NS-39,Deepwater Myconos,S,01/01/2023
8-JUB-59D-ESS,34281029662,Petrobras,8JUB59DESS,ES,Campos,,JUB  ,JUBARTE,M,S,8,Injeção,INJEÇÃO DE ÁGUA,ABANDONADO TEMPORARIAMENTE SEM MONITORAMENTO,03/01/2021,25/04/2021,05/05/2021,"-21:13:01,772","-39:58:57,404","-21,2171588888","-39,9826122222",SIRGAS2000,Definitiva,Direcional,4905,4990,4990,MR,26,0,1429.0,NM,,Lagoa Feia,Coqueiros,,Existe,,,,Existe,Existe,,Existe,,,Existe,,Existe,Existe,,,,,NS-29,CAROLINA,S,01/01/2023
7-PRG-71HPA-RJS,74281029656,Equinor Brasil,BMC7B13AT2,RJ,Campos,,PRG  ,PEREGRINO,M,S,7,Desenvolvimento,PRODUTOR COMERCIAL DE PETRÓLEO,PRODUZINDO,18/12/2020,06/01/2020,17/01/2021,"-23:17:45,671","-41:12:28,358","-23,2960197222","-41,2078772222",SIRGAS2000,Definitiva,Horizontal,-2249,5404,5404,MR,50,0,122.0,NM,,Campos,Carapebus,,Existe,,,,,Existe,,Existe,,,,,Existe,,,,,,DR-B,DRILLINGRIG-B,N,01/01/2023
1-EMEB-1-RJS,74281029665,ExxonMobil Brasil,Opal-1,RJ,Campos,C-M-789,,,M,S,1,Pioneiro,,ABANDONADO PERMANENTEMENTE,25/01/2021,02/05/2021,02/06/2021,"-24:39:15,660","-40:53:44,006","-24,65435","-40,8955572222",SIRGAS2000,Definitiva,Vertical,3358,3383,3383,MR,25,,2678.0,NM,,,Cabiúnas,,Existe,,Existe,Existe,,Existe,,Existe,,,,,Existe,,,,,,WSA,West Saturn,S,01/01/2023
9-NESH-1-SPS,86316029703,Petrobras,9SPH26SPS,SP,Santos,,NESH ,NORDESTE DE SAPINHOÁ,M,S,9,Especial,OUTRAS FINALIDADES,EM OBSERVAÇÃO,17/06/2021,03/08/2021,29/09/2021,"-25:41:25,858","-43:06:29,948","-25,6905161111","-43,1083188888",SIRGAS2000,Definitiva,Vertical,"-5834,5",5863,5863,MR,28,0,2133.0,NM,,Guaratiba,Barra Velha,,Existe,,,,Existe,Existe,,Existe,,Existe,,,Existe,Existe,Existe,,,,SS-75,OCEAN COURAGE,S,01/01/2023
7-SDR-7-ES,34270029698,BGM,7-SDR-7-ES,ES,Espírito Santo,,SDR  ,SUINDARA,T,S,7,Desenvolvimento,INDEFINIDO,ABANDONADO TEMPORARIAMENTE COM MONITORAMENTO,02/06/2021,14/06/2021,14/06/2021,"-19:11:45,800","-39:50:12,400","-19,1960555555","-39,8367777777",SIRGAS2000,Definitiva,Vertical,-871,882,882,MR,"10,6","4,6",0.0,NM,,Barra Nova,Regência,,Existe,,,Existe,Existe,,,,,,,Existe,,,,,,,CW-02,Cowan-02,I,01/01/2023
8-BUZ-56-RJS,74316029724,Petrobras,8-BUZ-56-RJS,RJ,Santos,,BUZ  ,BÚZIOS,M,S,8,Injeção,ABANDONADO POR OUTRAS RAZÕES,ABANDONADO PERMANENTEMENTE,04/09/2021,01/10/2021,18/10/2021,"-24:34:28,795","-42:34:27,265","-24,5746652777","-42,5742402777",SIRGAS2000,Definitiva,Vertical,"-3872,8",3905,3905,MR,25,0,1819.0,NM,,Guaratiba,Piçarras,,Existe,,,,,,,,,,,,,,,,,,NS-38,ETESCO TAKATSUGU J,S,01/01/2023
7-FAL-172-ES,34270029590,Petrobras,7FAL172ES,ES,Espírito Santo,,FAL  ,FAZENDA ALEGRE,T,S,7,Desenvolvimento,PRODUTOR COMERCIAL DE PETRÓLEO,PRODUZINDO,07/05/2020,13/05/2020,16/02/2021,"-19:00:26,633","-39:51:48,401","-19,0073980555","-39,8634447222",SIRGAS2000,Definitiva,Vertical,"-884,87",896,"896,2",MR,"10,88","5,73",0.0,NM,,Espírito Santo,Urucutuca,,Existe,,,,Existe,,,Existe,,,,,Existe,Existe,,Existe,,,EBS-08,EBS-08,I,01/01/2023
7-BE-35DA-RN,72100029729,Potiguar E&P S.A.,BEDW11DA,RN,Potiguar,,BE   ,BOA ESPERANÇA,T,S,7,Desenvolvimento,PRODUTOR COMERCIAL DE PETRÓLEO,PRODUZINDO,13/09/2021,16/09/2021,02/11/2021,"-05:29:01,270","-37:37:47,190","-5,4836861111","-37,629775",SIRGAS2000,Definitiva,Direcional,"976,37",1108,"1107,7",MR,"92,18",87,0.0,NM,,Areia Branca,Pendência,,Existe,,,,,,,,,,,,,,,,,,PR-04,National Oilwell Varco - 750,I,01/01/2023
7-RO-177D-RJS,74281029701,Petrobras,7-RO-177D-RJS,RJ,Campos,,RO   ,RONCADOR,M,S,7,Desenvolvimento,ABANDONADO POR OUTRAS RAZÕES,ABANDONADO PERMANENTEMENTE,11/06/2021,13/06/2021,16/06/2021,"-21:56:32,171","-39:42:22,377","-21,9422697222","-39,7062158333",SIRGAS2000,Definitiva,Direcional,"2879,5",2882,2882,MR,32,0,1869.0,NM,,Campos,Carapebus,,,,,,,Existe,,Existe,,,,,Existe,,,,,,NS-29,CAROLINA,N,01/01/2023
1-ENV-19-MA,50090029702,Eneva,1-ENV-BL134A-MA,MA,Parnaíba,PN-T-134,,,T,S,1,Pioneiro,,ARRASADO,18/06/2021,10/07/2021,13/07/2021,"-06:55:26,467","-44:29:18,721","-6,9240186111","-44,4885336111",SIRGAS2000,Definitiva,Vertical,"1225,9",1500,"1500,9",MR,275,269,,NM,,Canindé,Itaim,,Existe,,Existe,Existe,Existe,,,Existe,,,,,Existe,Existe,,,,,GREAT120 (TUS 120),GREAT - 120,I,01/01/2023
7-TUP-121DA-RJS,74316029700,Petrobras,7-TUP-121DA-RJS,RJ,Santos,,TUP  ,TUPI,M,S,7,Desenvolvimento,PRODUTOR COMERCIAL DE PETRÓLEO,PRODUZINDO,07/06/2021,13/08/2021,10/09/2021,"-25:09:32,654","-42:55:32,559","-25,1590705555","-42,9257108333",SIRGAS2000,Definitiva,Direcional,"5077,8",5117,5117,MR,25,0,2248.0,NM,,Guaratiba,Barra Velha,,Existe,,,,,Existe,,Existe,,,,,Existe,Existe,,,,,NS-43,AMARALINA STAR,S,01/01/2023
1-PHO-1-RN,72100029704,Phoenix Óleo & Gás,PHOENIX 01,RN,Potiguar,POT-T-565,,,T,S,1,Pioneiro,,FECHADO,19/08/2021,19/07/2021,30/08/2021,"-05:20:00,009","-37:10:04,784","-5,3333358333","-37,1679955555",SIRGAS2000,Definitiva,Vertical,"1094,4",1180,"1181,2",MR,"85,55","81,35",0.0,NM,,Areia Branca,Pendência,Sequência 3,Existe,,Existe,Existe,Existe,,,Existe,,,,,,Existe,,,,,"PRN-01, SHRP-05","PROEN-01, Sonda Roto-Pneumática de Perfuração SHRP-05",I,01/01/2023
7-RO-177DA-RJS,74281029705,Petrobras,7-RO-177DA-RJS,RJ,Campos,,RO   ,RONCADOR,M,S,7,Desenvolvimento,ABANDONADO POR OUTRAS RAZÕES,ABANDONADO PERMANENTEMENTE,16/06/2021,28/08/2021,06/09/2021,"-21:56:32,171","-39:42:22,377","-21,9422697222","-39,7062158333",SIRGAS2000,Definitiva,Direcional,"3189,3",3253,3253,MR,32,0,1868.0,NM,,Campos,Carapebus,,Existe,,,,,Existe,,Existe,,,,,Existe,,,,,,NS-29,CAROLINA,N,01/01/2023
3-ENV-20-MA,50090029714,Eneva,3-ENV-NWENV11D-MA,MA,Parnaíba,PN-T-48,,,T,S,3,Extensão,,ABANDONADO TEMPORARIAMENTE SEM MONITORAMENTO,03/08/2021,13/08/2021,20/08/2021,"-04:09:09,040","-45:26:15,290","-4,1525111111","-45,4375805555",SIRGAS2000,Definitiva,Vertical,2276,2358,2358,MR,82,76,,NM,,Canindé,Itaim,,Existe,,Existe,Existe,Existe,,,Existe,,Existe,,,Existe,Existe,,,,,GREAT120 (TUS 120),GREAT - 120,I,01/01/2023
8-BUZ-53D-RJS,74316029707,Petrobras,8-BUZ-53D-RJS,RJ,Santos,,BUZ  ,BÚZIOS,M,S,8,Injeção,INJEÇÃO DE ÁGUA,INJETANDO,04/07/2021,03/09/2021,11/10/2021,"-24:46:05,705","-42:27:43,911","-24,7682513888","-42,4621975",SIRGAS2000,Definitiva,Direcional,"-6197,2",6406,6406,MR,32,0,2035.0,NM,,Guaratiba,Itapema,,Existe,,,,,Existe,,Existe,,,,,Existe,,,,,,"NS-31, NS-33","NORBE IX, PETROBRAS 10000",S,01/01/2023
7-SAB-3-RN,72100029712,Potiguar E&P S.A.,7SAB0003RN,RN,Potiguar,SAB,SAB  ,SABIÁ,T,S,7,Desenvolvimento,INDEFINIDO,PRODUZINDO,27/07/2021,30/07/2021,01/08/2021,"-05:29:12,580","-37:08:04,620","-5,4868277777","-37,1346166666",SIRGAS2000,Definitiva,Vertical,"483,8",615,615,MR,"131,18",126,0.0,NM,,Areia Branca,Pendência,,Existe,,,,,,,,,,,,,,,,,,PR-04,National Oilwell Varco - 750,I,01/01/2023
8-BUZ-55-RJS,74316029713,Petrobras,8-BUZ-55-RJS,RJ,Santos,,BUZ  ,BÚZIOS,M,S,8,Injeção,INJEÇÃO DE ÁGUA,ABANDONADO TEMPORARIAMENTE SEM MONITORAMENTO,28/07/2021,04/10/2021,06/11/2021,"-24:35:36,703","-42:31:03,710","-24,5935286111","-42,5176972222",SIRGAS2000,Definitiva,Vertical,"-6079,6",6113,6113,MR,32,0,1914.0,NM,,Guaratiba,Itapema,,Existe,,,,Existe,Existe,,Existe,,,,,Existe,Existe,,,,,"NS-41, NS-42","ODN I, ODN II",S,01/01/2023
7-SAB-4-RN,72100029715,Potiguar E&P S.A.,7SAB0004RN,RN,Potiguar,SAB,SAB  ,SABIÁ,T,S,7,Desenvolvimento,INDEFINIDO,PRODUZINDO,06/08/2021,08/08/2021,09/08/2021,"-05:29:12,580","-37:08:04,620","-5,4868277777","-37,1346166666",SIRGAS2000,Definitiva,Vertical,"455,08",585,"586,4",MR,"129,92","124,74",0.0,NM,,Areia Branca,Pendência,,Existe,,,,,,,,,,,,,,,,,,PR-04,National Oilwell Varco - 750,I,01/01/2023
7-AZU-5D-AM,14030029730,Eneva,7-AZU-5D-MA,AM,Amazonas,,AZU  ,AZULÃO,T,S,7,Desenvolvimento,PRODUTOR COMERCIAL DE GÁS NATURAL,ABANDONADO TEMPORARIAMENTE SEM MONITORAMENTO,16/09/2021,07/10/2021,11/10/2021,"-02:43:04,200","-58:10:00,800","-2,7178333333","-58,1668888888",SIRGAS2000,Definitiva,Direcional,1699,1800,1804,MR,68,60,0.0,NM,,Tapajós,Nova Olinda,,Existe,,,,,,,,,,,,,,,,,,QG VIII,Queiroz Galvão VIII,I,01/01/2023
7-MRO-17-RJS,74316029719,Petrobras,7-MRO-17-RJS,RJ,Santos,,MRO  ,MERO,M,S,7,Desenvolvimento,ABANDONADO POR OUTRAS RAZÕES,ABANDONADO PERMANENTEMENTE,21/08/2021,26/08/2021,08/09/2021,"-24:36:33,394","-42:14:04,462","-24,6092761111","-42,2345727777",SIRGAS2000,Definitiva,Vertical,"-2849,9",2875,2875,MR,25,0,1950.0,NM,,Guaratiba,Itapema,,Existe,,,,,Existe,,Existe,,,,,Existe,,,,,,NS-39,Deepwater Myconos,N,01/01/2023
7-RE-38-RN,72100028441,3R Areia,7RE38RN,RN,Potiguar,,RE   ,REDONDA,T,S,7,Desenvolvimento,PRODUTOR COMERCIAL DE PETRÓLEO,PRODUZINDO,12/09/2015,07/05/2021,28/05/2021,"-04:57:25,949","-37:00:04,973","-4,9572080555","-37,0013813888",SIRGAS2000,Definitiva,Vertical,-738,805,805,MR,67,"63,61",0.0,NM,,Apodi,Açu,,Existe,,,,Existe,,,,,,,,,,Existe,,,,CES-107,CES-107,I,01/01/2023
7-OATP-1-RJS,74316029678,Petrobras,7OATP1RJS,RJ,Santos,,OATP ,OESTE DE ATAPU,M,S,7,Desenvolvimento,PRODUTOR COMERCIAL DE PETRÓLEO,PRODUZINDO,17/03/2021,30/09/2021,28/10/2021,"-24:56:04,508","-42:30:43,676","-24,9345855555","-42,5121322222",SIRGAS2000,Definitiva,Vertical,"-5542,9",5570,5570,MR,26,0,2234.0,NM,,Guaratiba,Barra Velha,,Existe,,,,,Existe,,Existe,,,,,Existe,,,,,,NS-40,Deepwater Corcovado,S,01/01/2023
8-MLS-232D-RJS,74281029485,Petrobras,8MLS232DRJS,RJ,Campos,,MLS  ,MARLIM SUL,M,S,8,Injeção,INJEÇÃO DE ÁGUA,INJETANDO,19/10/2019,14/06/2021,04/07/2021,"-22:34:03,430","-40:04:46,491","-22,5676194444","-40,0795808333",SIRGAS2000,Definitiva,Direcional,-4280,4673,4673,MR,32,0,1081.0,NM,,Macaé,Quissamã,,,,,,,Existe,,Existe,,,,,Existe,,,,,,NS-41,ODN I,N,01/01/2023
8-MLS-239H-RJS,74281029541,Petrobras,8MLS239HRJS,RJ,Campos,,MLS  ,MARLIM SUL,M,S,8,Injeção,INJEÇÃO DE ÁGUA,INJETANDO,03/02/2020,20/05/2021,14/06/2021,"-22:36:36,867","-39:59:20,979","-22,6102408333","-39,9891608333",SIRGAS2000,Definitiva,Horizontal,"-2894,2",4187,4187,MR,32,0,1599.0,NM,,Campos,Carapebus,,Existe,,,,,Existe,,Existe,,,,,Existe,,,,,,NS-32,NORBE VIII,N,01/01/2023
7-PRG-70H-RJS,74281029548,Equinor Brasil,BMC7A26,RJ,Campos,,PRG  ,PEREGRINO,M,S,7,Desenvolvimento,INDEFINIDO,PRODUZINDO,12/02/2020,02/10/2021,25/10/2021,"-23:20:03,965","-41:17:54,784","-23,3344347222","-41,2985511111",SIRGAS2000,Definitiva,Horizontal,"2324,84",8326,8326,MR,156,0,106.0,NM,,Campos,Carapebus,,Existe,,,,,Existe,,Existe,,,,,Existe,,,,,,DR-A,DRILLINGRIG-A,N,01/01/2023
8-FAL-165D-ES,34270029568,Petrobras,8FAL165DES,ES,Espírito Santo,,FAL  ,FAZENDA ALEGRE,T,S,8,Injeção,INJEÇÃO DE VAPOR,INJETANDO,11/03/2020,15/03/2020,29/03/2021,"-19:00:15,736","-39:51:43,442","-19,0043711111","-39,8620672222",SIRGAS2000,Definitiva,Direcional,-878,"915,7","917,6",MR,"11,32","6,17",0.0,NM,,Espírito Santo,Urucutuca,,Existe,,,,Existe,,,Existe,,,,,Existe,Existe,,Existe,,,EBS-08,EBS-08,I,01/01/2023
7-SEP-8D-RJS,74316029573,Petrobras,7SEP8DRJS,RJ,Santos,,SEP  ,SÉPIA,M,S,7,Desenvolvimento,PRODUTOR COMERCIAL DE PETRÓLEO,ABANDONADO TEMPORARIAMENTE SEM MONITORAMENTO,19/03/2020,07/01/2021,07/02/2021,"-25:13:35,702","-42:31:56,478","-25,2265838888","-42,532355",SIRGAS2000,Definitiva,Direcional,"-5441,7",5470,5470,MR,25,0,2139.0,NM,,Guaratiba,Barra Velha,,Existe,,,,Existe,Existe,,Existe,,,,,Existe,Existe,,,,,NS-31,PETROBRAS 10000,S,01/01/2023
7-FAL-170-ES,34270029584,Petrobras,7FAL170ES,ES,Espírito Santo,,FAL  ,FAZENDA ALEGRE,T,S,7,Desenvolvimento,PRODUTOR COMERCIAL DE PETRÓLEO,PRODUZINDO,12/04/2020,17/04/2020,22/01/2021,"-19:00:22,059","-39:51:46,083","-19,0061275","-39,8628008333",SIRGAS2000,Definitiva,Vertical,"-884,47",894,"895,3",MR,"10,65","5,5",0.0,NM,,Espírito Santo,Urucutuca,,Existe,,,,Existe,,,Existe,,,,,Existe,Existe,,Existe,,,EBS-08,EBS-08,I,01/01/2023
7-FAL-169-ES,34270029586,Petrobras,7FAL169ES,ES,Espírito Santo,,FAL  ,FAZENDA ALEGRE,T,S,7,Desenvolvimento,PRODUTOR COMERCIAL DE PETRÓLEO,PRODUZINDO,20/04/2020,24/04/2020,04/01/2021,"-19:00:20,523","-39:51:47,645","-19,0057008333","-39,8632347222",SIRGAS2000,Definitiva,Vertical,"-883,48",894,"894,3",MR,"10,67","5,52",0.0,NM,,Espírito Santo,Urucutuca,,Existe,,,,Existe,,,Existe,,,,,Existe,Existe,,Existe,,,EBS-08,EBS-08,I,01/01/2023
8-FAL-171-ES,34270029596,Petrobras,8FAL171ES,ES,Espírito Santo,,FAL  ,FAZENDA ALEGRE,T,S,8,Injeção,PRODUTOR COMERCIAL DE PETRÓLEO,PRODUZINDO,16/05/2020,21/05/2020,28/02/2021,"-19:00:24,361","-39:51:47,260","-19,0067669444","-39,8631277777",SIRGAS2000,Definitiva,Vertical,"-883,7",894,895,MR,"10,94","5,79",0.0,NM,,Espírito Santo,Urucutuca,,Existe,,,,Existe,,,Existe,,,,,Existe,Existe,,Existe,,,EBS-08,EBS-08,I,01/01/2023
8-BUZ-44-RJS,74316029641,Petrobras,8BUZ44RJS,RJ,Santos,,BUZ  ,BÚZIOS,M,S,8,Injeção,INJEÇÃO DE ÁGUA,ABANDONADO TEMPORARIAMENTE COM MONITORAMENTO,23/10/2020,30/12/2020,23/01/2021,"-24:38:22,101","-42:32:38,988","-24,6394725","-42,5441633333",SIRGAS2000,Definitiva,Vertical,"-5949,8","5977,2",5976,MR,25,0,1957.0,NM,,Guaratiba,Barra Velha,,Existe,,,,Existe,Existe,,Existe,,Existe,,,Existe,Existe,,,,,NS-33,NORBE IX,S,01/01/2023
7-CNC-43-ES,34270029616,Petrobras,7CNC43ES,ES,Espírito Santo,,CNC  ,CANCÃ,T,S,7,Desenvolvimento,PRODUTOR COMERCIAL DE PETRÓLEO,ABANDONADO TEMPORARIAMENTE COM MONITORAMENTO,23/06/2020,03/07/2020,11/02/2021,"-19:13:57,466","-39:50:53,083","-19,2326294444","-39,8480786111",SIRGAS2000,Definitiva,Vertical,"-952,7",960,"961,5",MR,"8,77","3,62",0.0,NM,,Espírito Santo,Urucutuca,,Existe,,,,Existe,,,Existe,,,,,Existe,Existe,,Existe,,,EBS-08,EBS-08,I,01/01/2023
8-JUB-60D-ESS,34281029624,Petrobras,8JUB60DESS,ES,Campos,,JUB  ,JUBARTE,M,S,8,Injeção,INJEÇÃO DE ÁGUA,FECHADO,14/04/2020,13/01/2021,13/02/2021,"-21:17:44,492","-40:01:04,874","-21,2956922222","-40,0180205555",SIRGAS2000,Definitiva,Direcional,"4817,8",4863,4863,MR,32,0,1324.0,NM,,Lagoa Feia,Coqueiros,,Existe,,,,Existe,Existe,,Existe,,,,,Existe,Existe,,,,,NS-29,CAROLINA,S,01/01/2023
7-CNC-44-ES,34270029625,Petrobras,7CNC44ES,ES,Espírito Santo,,CNC  ,CANCÃ,T,S,7,Desenvolvimento,PRODUTOR COMERCIAL DE PETRÓLEO,PRODUZINDO,16/08/2020,21/08/2020,03/08/2021,"-19:13:49,510","-39:50:49,688","-19,2304194444","-39,8471355555",SIRGAS2000,Definitiva,Vertical,"-820,2","827,7","828,7",MR,"8,48","3,33",0.0,NM,,Espírito Santo,Urucutuca,,Existe,,,,Existe,,,Existe,,,,,Existe,Existe,,Existe,,,EBS-08,EBS-08,I,01/01/2023
7-SAB-6-RN,72100029718,Potiguar E&P S.A.,7SAB0006RN,RN,Potiguar,SAB,SAB  ,SABIÁ,T,S,7,Desenvolvimento,OUTRAS FINALIDADES,ABANDONADO TEMPORARIAMENTE COM MONITORAMENTO,20/08/2021,23/08/2021,10/09/2021,"-05:28:49,830","-37:08:04,060","-5,4805083333","-37,1344611111",SIRGAS2000,Definitiva,Vertical,"483,2",612,612,MR,"128,8","123,6",0.0,NM,,Areia Branca,Pendência,,Existe,,,,,,,,,,,,,,,,,,PR-04,National Oilwell Varco - 750,I,01/01/2023
7-SAB-7-RN,72100029716,Potiguar E&P S.A.,7SAB0007RN,RN,Potiguar,SAB,SAB  ,SABIÁ,T,S,7,Desenvolvimento,PRODUTOR COMERCIAL DE PETRÓLEO,PRODUZINDO,13/08/2021,08/08/2021,03/09/2021,"-05:28:58,290","-37:07:42,200","-5,4828583333","-37,1283888888",SIRGAS2000,Definitiva,Vertical,"402,8",534,"532,9",MR,"131,2",126,0.0,NM,,Areia Branca,Pendência,,Existe,,,,,,,,,,,,,,,,,,PR-04,National Oilwell Varco - 750,I,01/01/2023
1-ENV-21-MA,50090029721,Eneva,1-ENV-BL47B-MA,MA,Parnaíba,PN-T-47,,,T,S,1,Pioneiro,,ARRASADO,25/08/2021,02/09/2021,07/09/2021,"-04:06:12,318","-45:32:05,534","-4,1034216666","-45,5348705555",SIRGAS2000,Definitiva,Vertical,"2197,7",2256,"2258,7",MR,61,55,,NM,,Canindé,Itaim,,Existe,,Existe,Existe,Existe,,,Existe,,Existe,,,Existe,Existe,,,,,GREAT120 (TUS 120),GREAT - 120,I,01/01/2023
